Trout, Mike,545361,2019,600,354,.291,.302,-0.011,.645,.661,-0.016,.436,.451,-0.015
Yelich, Christian,592885,2019,580,374,.329,.310,0.019,.671,.623,0.048,.442,.424,0.018
Bellinger, Cody,641355,2019,661,455,.305,.314,-0.009,.629,.626,0.003,.414,.424,-0.010
Kendrick, Howie,435062,2019,370,290,.344,.331,0.013,.572,.613,-0.041,.400,.418,-0.018
Rendon, Anthony,543685,2019,646,468,.319,.308,0.011,.598,.588,0.010,.413,.412,0.001
Cruz, Nelson,443558,2019,521,326,.311,.288,0.023,.639,.635,0.004,.417,.412,0.005
Betts, Mookie,605141,2019,706,505,.295,.306,-0.011,.524,.570,-0.046,.380,.408,-0.028
Soto, Juan,665742,2019,659,416,.282,.282,0.000,.548,.572,-0.024,.394,.407,-0.013
Ríos, Edwin,621458,2019,56,26,.277,.253,0.024,.617,.607,0.010,.413,.406,0.007
Alvarez, Yordan,670541,2019,369,221,.313,.282,0.031,.655,.588,0.067,.432,.405,0.027
Stanton, Giancarlo,519317,2019,72,36,.288,.265,0.023,.492,.518,-0.026,.379,.394,-0.015
Gallo, Joey,608336,2019,297,129,.253,.222,0.031,.598,.598,0.000,.401,.393,0.008
Freeman, Freddie,518692,2019,692,472,.295,.289,0.006,.549,.562,-0.013,.387,.392,-0.005
Judge, Aaron,592450,2019,447,238,.272,.269,0.003,.540,.564,-0.024,.381,.392,-0.011
Springer, George,543807,2019,556,370,.292,.275,0.017,.591,.564,0.027,.400,.390,0.010
Acuña Jr., Ronald,660670,2019,715,439,.280,.281,-0.001,.518,.576,-0.058,.367,.390,-0.023
Martinez, J.D.,502110,2019,657,442,.304,.295,0.009,.557,.557,0.000,.386,.389,-0.003
Soler, Jorge,624585,2019,679,415,.265,.272,-0.007,.569,.587,-0.018,.377,.389,-0.012
Rizzo, Anthony,519203,2019,613,429,.293,.292,0.001,.520,.482,0.038,.390,.383,0.007
Harper, Bryce,547180,2019,682,399,.260,.270,-0.010,.510,.542,-0.032,.365,.383,-0.018
Donaldson, Josh,518626,2019,659,396,.259,.260,-0.001,.521,.528,-0.007,.377,.383,-0.006
Freese, David,501896,2019,186,118,.315,.282,0.033,.599,.524,0.075,.415,.382,0.033
Olson, Matt,621566,2019,547,346,.267,.273,-0.006,.545,.568,-0.023,.368,.382,-0.014
Davis, J.D.,605204,2019,453,315,.307,.307,0.000,.527,.538,-0.011,.373,.381,-0.008
Thomas, Lane,657041,2019,44,30,.316,.280,0.036,.684,.510,0.174,.445,.380,0.065
Bell, Josh,605137,2019,613,416,.277,.278,-0.001,.569,.549,0.020,.378,.379,-0.001
Muncy, Max,571970,2019,589,342,.251,.260,-0.009,.515,.508,0.007,.372,.379,-0.007
Correa, Carlos,621043,2019,321,209,.279,.269,0.010,.568,.529,0.039,.380,.376,0.004
Marte, Ketel,606466,2019,628,485,.329,.298,0.031,.592,.524,0.068,.405,.373,0.032
Meadows, Austin,640457,2019,591,399,.291,.280,0.011,.558,.545,0.013,.380,.373,0.007
Garver, Mitch,641598,2019,359,226,.273,.249,0.024,.630,.552,0.078,.404,.373,0.031
Alonso, Pete,624413,2019,693,417,.260,.252,0.008,.583,.543,0.040,.384,.373,0.011
Schwarber, Kyle,656941,2019,610,379,.250,.260,-0.010,.531,.549,-0.018,.357,.372,-0.015
Turner, Justin,457759,2019,549,396,.290,.282,0.008,.509,.509,0.000,.370,.371,-0.001
Conforto, Michael,624424,2019,648,405,.257,.262,-0.005,.494,.506,-0.012,.358,.371,-0.013
Bregman, Alex,608324,2019,690,479,.296,.260,0.036,.592,.446,0.146,.418,.369,0.049
Ozuna, Marcell,542303,2019,549,372,.241,.276,-0.035,.472,.513,-0.041,.336,.368,-0.032
Sanó, Miguel,593934,2019,439,222,.247,.234,0.013,.576,.550,0.026,.378,.367,0.011
LeMahieu, DJ,518934,2019,655,517,.327,.304,0.023,.518,.506,0.012,.375,.366,0.009
Santana, Carlos,467793,2019,686,467,.281,.263,0.018,.515,.476,0.039,.380,.366,0.014
Sánchez, Gary,596142,2019,446,272,.232,.245,-0.013,.525,.557,-0.032,.346,.366,-0.020
Smoak, Justin,475253,2019,500,309,.208,.246,-0.038,.406,.487,-0.081,.323,.366,-0.043
Blackmon, Charlie,453568,2019,634,481,.314,.295,0.019,.576,.530,0.046,.387,.364,0.023
Choi, Ji-Man,596847,2019,487,309,.261,.258,0.003,.459,.490,-0.031,.348,.364,-0.016
Morales, Kendrys,434778,2019,201,145,.194,.271,-0.077,.253,.441,-0.188,.264,.364,-0.100
Walker, Christian,572233,2019,603,375,.259,.261,-0.002,.476,.515,-0.039,.346,.363,-0.017
Grandal, Yasmani,518735,2019,632,379,.246,.237,0.009,.468,.468,0.000,.361,.363,-0.002
Encarnación, Edwin,429665,2019,486,318,.244,.242,0.002,.531,.516,0.015,.362,.363,-0.001
Wade Jr., LaMonte,664774,2019,69,47,.196,.252,-0.056,.375,.426,-0.051,.320,.363,-0.043
Cron, C.J.,543068,2019,499,353,.253,.270,-0.017,.469,.543,-0.074,.325,.362,-0.037
Castro, Jason,488771,2019,275,151,.232,.245,-0.013,.435,.516,-0.081,.328,.362,-0.034
Joyce, Matt,459964,2019,238,155,.295,.270,0.025,.450,.438,0.012,.372,.361,0.011
Castellanos, Nick,592206,2019,664,475,.289,.275,0.014,.525,.535,-0.010,.357,.360,-0.003
Voit, Luke,572228,2019,510,288,.263,.244,0.019,.464,.487,-0.023,.360,.360,-0.000
Reyes, Franmil,614177,2019,548,345,.249,.260,-0.011,.512,.537,-0.025,.338,.360,-0.022
Devers, Rafael,646240,2019,702,531,.311,.290,0.021,.555,.516,0.039,.377,.359,0.018
Mancini, Trey,641820,2019,679,464,.291,.274,0.017,.535,.500,0.035,.373,.359,0.014
Avila, Alex,488671,2019,201,96,.207,.229,-0.022,.421,.498,-0.077,.323,.359,-0.036
Canha, Mark,592192,2019,497,305,.273,.241,0.032,.517,.458,0.059,.386,.358,0.028
Choo, Shin-Soo,425783,2019,660,399,.265,.260,0.005,.455,.469,-0.014,.353,.358,-0.005
Ford, Mike,645801,2019,163,115,.259,.275,-0.016,.559,.476,0.083,.372,.357,0.015
Pence, Hunter,452254,2019,316,219,.297,.276,0.021,.552,.507,0.045,.377,.355,0.022
Pham, Tommy,502054,2019,654,445,.273,.271,0.002,.450,.456,-0.006,.349,.355,-0.006
Lewis, Kyle,641786,2019,75,43,.268,.258,0.010,.592,.582,0.010,.357,.355,0.002
Cave, Jake,595909,2019,228,128,.258,.259,-0.001,.455,.482,-0.027,.343,.355,-0.012
McCutchen, Andrew,457705,2019,262,164,.256,.251,0.005,.457,.439,0.018,.358,.355,0.003
Moncada, Yoán,660162,2019,559,361,.315,.277,0.038,.548,.513,0.035,.379,.354,0.025
Abreu, José,547989,2019,693,492,.284,.276,0.008,.503,.512,-0.009,.344,.354,-0.010
Díaz, Yandy,650490,2019,347,250,.267,.276,-0.009,.476,.483,-0.007,.341,.354,-0.013
Goldschmidt, Paul,502671,2019,682,434,.260,.252,0.008,.476,.502,-0.026,.345,.354,-0.009
Reynolds, Bryan,668804,2019,546,373,.314,.287,0.027,.503,.466,0.037,.371,.353,0.018
Semien, Marcus,543760,2019,747,556,.285,.261,0.024,.522,.480,0.042,.373,.353,0.020
Chapman, Matt,656305,2019,670,439,.249,.244,0.005,.506,.493,0.013,.354,.352,0.002
Moreland, Mitch,519048,2019,335,226,.252,.253,-0.001,.507,.492,0.015,.347,.351,-0.004
Martin, Jason,641829,2019,40,26,.250,.283,-0.033,.306,.462,-0.156,.282,.351,-0.069
Hays, Austin,669720,2019,75,55,.309,.284,0.025,.574,.463,0.111,.393,.350,0.043
Marte, Starling,516782,2019,586,451,.295,.285,0.010,.503,.490,0.013,.353,.350,0.003
Longoria, Evan,446334,2019,508,346,.254,.268,-0.014,.437,.489,-0.052,.322,.350,-0.028
Swanson, Dansby,621020,2019,545,365,.251,.270,-0.019,.422,.476,-0.054,.317,.350,-0.033
Bogaerts, Xander,593428,2019,698,498,.309,.266,0.043,.555,.468,0.087,.390,.349,0.041
Markakis, Nick,455976,2019,469,361,.285,.297,-0.012,.420,.428,-0.008,.332,.349,-0.017
Suárez, Eugenio,553993,2019,662,392,.271,.241,0.030,.572,.491,0.081,.381,.349,0.032
Ravelo, Rangel,592660,2019,43,28,.205,.282,-0.077,.410,.513,-0.103,.276,.349,-0.073
Brantley, Michael,488726,2019,637,513,.311,.285,0.026,.503,.460,0.043,.367,.348,0.019
Luplow, Jordan,656669,2019,261,165,.276,.243,0.033,.551,.470,0.081,.383,.348,0.035
Cron, Kevin,605196,2019,78,44,.211,.234,-0.023,.521,.525,-0.004,.321,.348,-0.027
McNeil, Jeff,643446,2019,567,436,.318,.280,0.038,.531,.461,0.070,.384,.347,0.037
La Stella, Tommy,600303,2019,321,264,.295,.293,0.002,.486,.479,0.007,.345,.347,-0.002
Moustakas, Mike,519058,2019,584,427,.254,.257,-0.003,.516,.498,0.018,.348,.347,0.001
Smith, Kevan,607345,2019,211,155,.251,.288,-0.037,.393,.450,-0.057,.305,.347,-0.042
Wallach, Chad,595453,2019,54,36,.250,.235,0.015,.375,.508,-0.133,.309,.347,-0.038
Seager, Kyle,572122,2019,443,309,.239,.255,-0.016,.468,.481,-0.013,.332,.347,-0.015
Albies, Ozzie,645277,2019,702,532,.295,.282,0.013,.500,.481,0.019,.354,.346,0.008
Ohtani, Shohei,660271,2019,425,278,.286,.277,0.009,.505,.485,0.020,.351,.346,0.005
Bryant, Kris,592178,2019,634,400,.282,.244,0.038,.521,.457,0.064,.379,.346,0.033
Martínez, José,500874,2019,373,254,.269,.271,-0.002,.410,.466,-0.056,.323,.346,-0.023
Jiménez, Eloy,650391,2019,504,336,.267,.262,0.005,.513,.513,0.000,.343,.346,-0.003
Belt, Brandon,474832,2019,616,403,.234,.240,-0.006,.403,.454,-0.051,.319,.346,-0.027
Dickerson, Alex,543105,2019,190,133,.276,.269,0.007,.489,.477,0.012,.341,.345,-0.004
Tucker, Kyle,663656,2019,72,47,.269,.264,0.005,.537,.524,0.013,.349,.345,0.004
Machado, Manny,592518,2019,661,462,.256,.263,-0.007,.462,.466,-0.004,.335,.345,-0.010
Solano, Donovan,456781,2019,228,168,.330,.316,0.014,.456,.460,-0.004,.346,.344,0.002
Tatis Jr., Fernando,665487,2019,372,227,.317,.253,0.064,.590,.486,0.104,.398,.344,0.054
Biggio, Cavan,624415,2019,430,233,.234,.235,-0.001,.429,.419,0.010,.342,.344,-0.002
Lamb, Jake,571875,2019,226,134,.193,.230,-0.037,.353,.431,-0.078,.297,.344,-0.047
Hiura, Keston,669374,2019,348,208,.303,.248,0.055,.570,.499,0.071,.388,.343,0.045
Miller, Brad,543543,2019,170,109,.260,.237,0.023,.565,.512,0.053,.368,.343,0.025
Lux, Gavin,666158,2019,82,51,.240,.284,-0.044,.400,.451,-0.051,.301,.343,-0.042
Vogelbach, Daniel,596129,2019,558,315,.208,.223,-0.015,.439,.437,0.002,.333,.343,-0.010
Santana, Danny,542454,2019,511,328,.283,.275,0.008,.534,.502,0.032,.351,.342,0.009
Cooper, Garrett,643265,2019,421,273,.281,.267,0.014,.446,.464,-0.018,.337,.342,-0.005
Hilliard, Sam,656541,2019,87,54,.273,.243,0.030,.649,.497,0.152,.407,.342,0.065
Contreras, Willson,575929,2019,409,260,.272,.242,0.030,.533,.476,0.057,.368,.342,0.026
Pederson, Joc,592626,2019,514,341,.249,.244,0.005,.538,.472,0.066,.362,.342,0.020
Arenado, Nolan,571448,2019,662,503,.315,.269,0.046,.583,.479,0.104,.392,.341,0.051
García, Avisaíl,541645,2019,530,367,.282,.269,0.013,.464,.490,-0.026,.334,.341,-0.007
Williams, Mason,592863,2019,34,25,.267,.312,-0.045,.300,.435,-0.135,.276,.341,-0.065
Votto, Joey,458015,2019,608,405,.261,.253,0.008,.411,.436,-0.025,.332,.341,-0.009
Murphy, Sean,669221,2019,60,37,.245,.240,0.005,.566,.474,0.092,.370,.341,0.029
Urshela, Gio,570482,2019,476,359,.314,.278,0.036,.534,.487,0.047,.369,.340,0.029
Yastrzemski, Mike,573262,2019,411,268,.272,.250,0.022,.518,.501,0.017,.353,.340,0.013
Díaz, Aledmys,649557,2019,247,188,.271,.262,0.009,.467,.420,0.047,.345,.340,0.005
Suzuki, Kurt,435559,2019,309,247,.264,.279,-0.015,.486,.457,0.029,.337,.340,-0.003
Maybin, Cameron,457727,2019,269,167,.285,.252,0.033,.494,.452,0.042,.362,.339,0.023
Walker, Neil,435522,2019,381,261,.261,.265,-0.004,.395,.427,-0.032,.319,.339,-0.020
Ramírez, José,608070,2019,542,414,.255,.263,-0.008,.479,.456,0.023,.334,.339,-0.005
Kepler, Max,596146,2019,596,429,.252,.255,-0.003,.519,.452,0.067,.355,.339,0.016
Laureano, Ramón,657656,2019,481,320,.288,.265,0.023,.521,.478,0.043,.356,.338,0.018
Realmuto, J.T.,592663,2019,593,423,.275,.270,0.005,.493,.465,0.028,.339,.338,0.001
Lowe, Brandon,664040,2019,327,184,.270,.234,0.036,.514,.495,0.019,.354,.338,0.016
Dahl, David,621311,2019,413,271,.302,.265,0.037,.524,.485,0.039,.364,.337,0.027
Turner, Trea,607208,2019,569,410,.298,.276,0.022,.497,.452,0.045,.356,.337,0.019
Story, Trevor,596115,2019,656,417,.294,.260,0.034,.554,.465,0.089,.380,.337,0.043
Dozier, Hunter,641531,2019,586,380,.279,.258,0.021,.522,.466,0.056,.360,.337,0.023
Benintendi, Andrew,643217,2019,615,409,.266,.260,0.006,.431,.452,-0.021,.330,.337,-0.007
Anderson, Brian,605119,2019,520,348,.261,.250,0.011,.468,.451,0.017,.342,.337,0.005
Hoskins, Rhys,656555,2019,705,403,.226,.214,0.012,.454,.415,0.039,.346,.337,0.009
Gurriel Jr., Lourdes,666971,2019,343,232,.277,.248,0.029,.541,.495,0.046,.358,.336,0.022
Winker, Jesse,608385,2019,384,278,.269,.264,0.005,.473,.421,0.052,.351,.336,0.015
Caratini, Victor,605170,2019,279,188,.266,.251,0.015,.447,.430,0.017,.338,.336,0.002
Desmond, Ian,435622,2019,482,327,.255,.267,-0.012,.479,.479,0.000,.328,.336,-0.008
Kelly, Carson,608348,2019,365,236,.245,.244,0.001,.478,.454,0.024,.339,.336,0.003
Fowler, Dexter,451594,2019,574,350,.238,.246,-0.008,.409,.416,-0.007,.326,.336,-0.010
Polanco, Jorge,593871,2019,704,524,.295,.265,0.030,.485,.454,0.031,.352,.335,0.017
Solak, Nick,669256,2019,135,87,.293,.245,0.048,.491,.421,0.070,.375,.335,0.040
Happ, Ian,664023,2019,156,102,.264,.230,0.034,.564,.500,0.064,.368,.335,0.033
Severino, Pedro,600474,2019,341,235,.249,.264,-0.015,.420,.441,-0.021,.316,.335,-0.019
Aguilar, Jesús,542583,2019,369,240,.236,.244,-0.008,.389,.439,-0.050,.305,.335,-0.030
Flores, Wilmer,527038,2019,285,235,.317,.288,0.029,.487,.439,0.048,.358,.334,0.024
Bichette, Bo,666182,2019,212,147,.311,.269,0.042,.571,.474,0.097,.384,.334,0.050
Torres, Gleyber,650402,2019,604,424,.278,.253,0.025,.535,.480,0.055,.358,.334,0.024
Santana, Domingo,570267,2019,507,289,.253,.243,0.010,.441,.466,-0.025,.325,.334,-0.009
d'Arnaud, Travis,518595,2019,391,272,.251,.260,-0.009,.433,.452,-0.019,.314,.334,-0.020
Bruce, Jay,457803,2019,333,231,.216,.238,-0.022,.523,.527,-0.004,.318,.334,-0.016
Altuve, Jose,514888,2019,548,422,.298,.257,0.041,.550,.466,0.084,.374,.333,0.041
Verdugo, Alex,657077,2019,377,300,.294,.284,0.010,.475,.451,0.024,.341,.333,0.008
Arraez, Luis,650333,2019,366,300,.334,.283,0.051,.439,.402,0.037,.360,.332,0.028
Mazara, Nomar,608577,2019,469,327,.268,.260,0.008,.469,.474,-0.005,.327,.332,-0.005
Núñez, Renato,600524,2019,599,402,.244,.251,-0.007,.460,.469,-0.009,.323,.332,-0.009
Calhoun, Kole,594777,2019,632,392,.232,.236,-0.004,.467,.459,0.008,.329,.332,-0.003
Sandoval, Pablo,467055,2019,296,210,.268,.268,0.000,.507,.469,0.038,.336,.331,0.005
Nimmo, Brandon,607043,2019,254,132,.221,.214,0.007,.407,.346,0.061,.340,.331,0.009
Dietrich, Derek,518618,2019,306,178,.187,.211,-0.024,.462,.407,0.055,.333,.331,0.002
Braun, Ryan,460075,2019,508,357,.285,.260,0.025,.505,.461,0.044,.351,.330,0.021
Sisco, Chance,642082,2019,198,106,.210,.218,-0.008,.395,.415,-0.020,.319,.330,-0.011
Pollock, AJ,572041,2019,342,238,.266,.254,0.012,.468,.449,0.019,.333,.329,0.004
Lowe, Nathaniel,663993,2019,169,104,.263,.257,0.006,.454,.454,0.000,.328,.329,-0.001
Dozier, Brian,572821,2019,482,312,.238,.233,0.005,.430,.424,0.006,.329,.329,0.000
Lindor, Francisco,596019,2019,654,507,.284,.268,0.016,.518,.457,0.061,.349,.328,0.021
Vogt, Stephen,519390,2019,280,193,.263,.249,0.014,.490,.482,0.008,.331,.328,0.003
Cain, Lorenzo,456715,2019,623,460,.260,.280,-0.020,.372,.405,-0.033,.302,.328,-0.026
Canó, Robinson,429664,2019,423,324,.256,.277,-0.021,.428,.445,-0.017,.308,.328,-0.020
Tellez, Rowdy,642133,2019,409,257,.227,.245,-0.018,.449,.465,-0.016,.308,.328,-0.020
Edman, Tommy,669242,2019,349,265,.304,.280,0.024,.500,.437,0.063,.357,.327,0.030
Báez, Javier,595879,2019,561,377,.281,.256,0.025,.531,.495,0.036,.347,.327,0.020
Seager, Corey,608369,2019,541,395,.272,.252,0.020,.483,.452,0.031,.340,.327,0.013
Cabrera, Miguel,408234,2019,549,390,.282,.265,0.017,.398,.428,-0.030,.318,.326,-0.008
Guerrero Jr., Vladimir,665489,2019,514,375,.272,.254,0.018,.433,.433,0.000,.329,.326,0.003
Gordon, Alex,460086,2019,633,463,.266,.251,0.015,.396,.417,-0.021,.319,.326,-0.007
Garlick, Kyle,664247,2019,53,29,.250,.220,0.030,.521,.504,0.017,.342,.326,0.016
Slater, Austin,596103,2019,192,109,.238,.227,0.011,.417,.432,-0.015,.320,.326,-0.006
McBroom, Ryan,643436,2019,83,50,.293,.253,0.040,.360,.429,-0.069,.318,.325,-0.007
Zimmerman, Ryan,475582,2019,190,134,.257,.247,0.010,.415,.443,-0.028,.313,.325,-0.012
Escobar, Eduardo,500871,2019,699,516,.269,.252,0.017,.511,.461,0.050,.341,.324,0.017
Grossman, Robbie,543257,2019,482,336,.240,.260,-0.020,.348,.377,-0.029,.299,.324,-0.025
DeJong, Paul,657557,2019,664,440,.233,.231,0.002,.444,.437,0.007,.322,.324,-0.002
Naquin, Tyler,571980,2019,294,212,.288,.268,0.020,.467,.463,0.004,.330,.323,0.007
Narváez, Omar,553882,2019,482,339,.278,.252,0.026,.460,.417,0.043,.345,.323,0.022
McCann, James,543510,2019,476,303,.273,.256,0.017,.460,.446,0.014,.333,.323,0.010
McMahon, Ryan,641857,2019,539,322,.250,.241,0.009,.450,.428,0.022,.330,.323,0.007
Guzmán, Ronald,608597,2019,295,173,.219,.234,-0.015,.414,.420,-0.006,.306,.323,-0.017
Dickerson, Corey,572816,2019,279,207,.304,.262,0.042,.565,.473,0.092,.367,.322,0.045
Tauchman, Mike,643565,2019,296,190,.277,.245,0.032,.504,.405,0.099,.364,.322,0.042
Rosario, Eddie,592696,2019,590,482,.276,.255,0.021,.500,.487,0.013,.329,.322,0.007
Eaton, Adam,594809,2019,656,472,.279,.248,0.031,.428,.394,0.034,.342,.321,0.021
Adrianza, Ehire,501303,2019,236,168,.272,.263,0.009,.416,.389,0.027,.323,.321,0.002
Alfaro, Jorge,595751,2019,465,279,.262,.248,0.014,.425,.458,-0.033,.312,.321,-0.009
Haniger, Mitch,571745,2019,283,167,.220,.219,0.001,.463,.438,0.025,.326,.321,0.005
Smith, Dominic,642086,2019,197,133,.282,.236,0.046,.525,.430,0.095,.368,.320,0.048
Calhoun, Willie,641432,2019,337,258,.269,.252,0.017,.524,.435,0.089,.351,.320,0.031
Osuna, José,591741,2019,285,217,.264,.259,0.005,.456,.435,0.021,.319,.320,-0.001
Gonzalez, Marwin,503556,2019,463,328,.264,.259,0.005,.414,.432,-0.018,.313,.320,-0.007
Ahmed, Nick,605113,2019,625,456,.254,.255,-0.001,.437,.425,0.012,.315,.320,-0.005
Profar, Jurickson,595777,2019,518,387,.218,.243,-0.025,.410,.419,-0.009,.301,.320,-0.019
Rojas, Josh,668942,2019,157,97,.217,.235,-0.018,.312,.406,-0.094,.279,.320,-0.041
Anderson, Tim,641313,2019,518,391,.335,.281,0.054,.508,.449,0.059,.363,.319,0.044
Frazier, Clint,640449,2019,246,158,.267,.244,0.023,.489,.459,0.030,.333,.319,0.014
Thames, Eric,519346,2019,459,258,.247,.217,0.030,.505,.421,0.084,.354,.319,0.035
VanMeter, Josh,642165,2019,260,173,.237,.238,-0.001,.408,.407,0.001,.316,.319,-0.003
Stewart, Christin,621514,2019,416,272,.233,.245,-0.012,.388,.433,-0.045,.294,.319,-0.025
Adams, Matt,571431,2019,333,196,.226,.228,-0.002,.465,.478,-0.013,.306,.319,-0.013
Aquino, Aristides,606157,2019,225,147,.259,.231,0.028,.576,.475,0.101,.360,.318,0.042
Adames, Willy,642715,2019,584,382,.254,.247,0.007,.418,.433,-0.015,.313,.318,-0.005
Smith, Will,669257,2019,196,121,.253,.221,0.032,.571,.447,0.124,.369,.318,0.051
Heyward, Jason,518792,2019,589,406,.251,.249,0.002,.429,.388,0.041,.328,.318,0.010
Merrifield, Whit,593160,2019,735,559,.302,.274,0.028,.463,.423,0.040,.340,.317,0.023
Puig, Yasiel,624577,2019,611,426,.267,.246,0.021,.458,.436,0.022,.330,.317,0.013
Jones, JaCoby,592444,2019,333,206,.235,.241,-0.006,.430,.442,-0.012,.311,.317,-0.006
Carpenter, Matt,572761,2019,492,293,.226,.213,0.013,.392,.397,-0.005,.315,.317,-0.002
Upton, Justin,457708,2019,256,146,.215,.219,-0.004,.416,.426,-0.010,.307,.317,-0.010
Gosselin, Phil,594838,2019,68,49,.262,.278,-0.016,.308,.431,-0.123,.263,.316,-0.053
Cabrera, Asdrúbal,452678,2019,514,351,.260,.236,0.024,.441,.405,0.036,.331,.316,0.015
Pérez, Roberto,547379,2019,449,273,.239,.218,0.021,.452,.438,0.014,.326,.316,0.010
Forsythe, Logan,523253,2019,367,219,.227,.230,-0.003,.353,.395,-0.042,.298,.316,-0.018
Berti, Jon,542932,2019,287,184,.273,.256,0.017,.406,.377,0.029,.326,.315,0.011
Beaty, Matt,607461,2019,268,216,.265,.268,-0.003,.458,.417,0.041,.324,.315,0.009
Santander, Anthony,623993,2019,405,298,.261,.256,0.005,.476,.456,0.020,.321,.315,0.006
Jones, Adam,430945,2019,528,387,.260,.255,0.005,.414,.429,-0.015,.308,.315,-0.007
Bote, David,623520,2019,356,212,.257,.237,0.020,.422,.372,0.050,.336,.315,0.021
Iannetta, Chris,455104,2019,164,91,.222,.229,-0.007,.417,.415,0.002,.303,.315,-0.012
Odor, Rougned,596059,2019,581,346,.205,.216,-0.011,.439,.455,-0.016,.302,.315,-0.013
Ramos, Wilson,467092,2019,524,407,.288,.260,0.028,.416,.396,0.020,.327,.314,0.013
Straw, Myles,664702,2019,128,85,.269,.249,0.020,.343,.329,0.014,.323,.314,0.009
Duvall, Adam,594807,2019,130,82,.267,.194,0.073,.567,.521,0.046,.360,.314,0.046
Kingery, Scott,664068,2019,500,314,.258,.244,0.014,.474,.432,0.042,.329,.314,0.015
Myers, Wil,571976,2019,490,269,.239,.226,0.013,.418,.424,-0.006,.316,.314,0.002
Gurriel, Yuli,493329,2019,612,505,.298,.273,0.025,.541,.404,0.137,.364,.313,0.051
Rosario, Amed,642708,2019,655,497,.287,.279,0.008,.432,.411,0.021,.318,.313,0.005
Molina, Yadier,425877,2019,452,366,.270,.262,0.008,.399,.422,-0.023,.303,.313,-0.010
Mercer, Jordy,474568,2019,271,199,.270,.259,0.011,.438,.442,-0.004,.314,.313,0.001
Piscotty, Stephen,572039,2019,393,277,.249,.242,0.007,.412,.422,-0.010,.306,.313,-0.007
McCann, Brian,435263,2019,316,230,.249,.236,0.013,.412,.399,0.013,.311,.313,-0.002
Puello, César,527049,2019,147,88,.248,.224,0.024,.384,.371,0.013,.325,.313,0.012
Pujols, Albert,405395,2019,545,431,.244,.245,-0.001,.430,.420,0.010,.308,.313,-0.005
Austin, Tyler,592122,2019,179,88,.188,.192,-0.004,.409,.444,-0.035,.298,.313,-0.015
Collins, Zack,641470,2019,102,47,.186,.195,-0.009,.349,.435,-0.086,.282,.313,-0.031
Fletcher, David,664058,2019,653,534,.290,.283,0.007,.384,.361,0.023,.318,.312,0.006
Frazier, Adam,624428,2019,608,484,.278,.268,0.010,.417,.394,0.023,.320,.312,0.008
Castro, Starlin,516770,2019,676,534,.270,.266,0.004,.436,.433,0.003,.307,.312,-0.005
Kipnis, Jason,543401,2019,511,381,.245,.252,-0.007,.410,.413,-0.003,.301,.312,-0.011
Bradley Jr., Jackie,598265,2019,567,344,.225,.222,0.003,.421,.408,0.013,.314,.312,0.002
Davis, Khris,501981,2019,533,337,.220,.227,-0.007,.387,.428,-0.041,.289,.312,-0.023
Renfroe, Hunter,592669,2019,494,292,.216,.219,-0.003,.489,.455,0.034,.320,.312,0.008
Astudillo, Willians,553902,2019,204,186,.268,.277,-0.009,.379,.407,-0.028,.288,.311,-0.023
Hernández, Teoscar,606192,2019,464,265,.230,.213,0.017,.472,.445,0.027,.325,.311,0.014
Jansen, Danny,643376,2019,384,270,.207,.242,-0.035,.360,.414,-0.054,.275,.311,-0.036
Moran, Colin,592567,2019,503,353,.277,.256,0.021,.429,.430,-0.001,.315,.310,0.005
Stallings, Jacob,607732,2019,210,152,.262,.254,0.008,.382,.417,-0.035,.297,.310,-0.013
Schoop, Jonathan,570731,2019,464,318,.256,.247,0.009,.473,.434,0.039,.324,.310,0.014
Duffy, Matt,622110,2019,169,119,.252,.250,0.002,.327,.329,-0.002,.299,.310,-0.011
Frazier, Todd,453943,2019,499,341,.251,.232,0.019,.443,.404,0.039,.328,.310,0.018
Chirinos, Robinson,455139,2019,437,248,.238,.209,0.029,.443,.383,0.060,.336,.310,0.026
Villar, Jonathan,542340,2019,714,472,.274,.241,0.033,.453,.405,0.048,.335,.309,0.026
Posey, Buster,457763,2019,445,336,.257,.246,0.011,.368,.406,-0.038,.298,.308,-0.010
Duda, Lucas,446263,2019,119,75,.171,.221,-0.050,.324,.451,-0.127,.245,.308,-0.063
Sogard, Eric,519299,2019,442,339,.290,.265,0.025,.457,.373,0.084,.342,.307,0.035
Reddick, Josh,502210,2019,550,445,.275,.266,0.009,.409,.386,0.023,.306,.307,-0.001
Pinder, Chad,640461,2019,370,257,.240,.242,-0.002,.416,.426,-0.010,.298,.307,-0.009
Vázquez, Christian,543877,2019,521,387,.276,.244,0.032,.477,.432,0.045,.331,.306,0.025
Riley, Austin,663586,2019,297,168,.226,.223,0.003,.471,.456,0.015,.307,.306,0.001
Drury, Brandon,592273,2019,447,308,.218,.245,-0.027,.380,.421,-0.041,.271,.306,-0.035
Candelario, Jeimer,600869,2019,386,237,.203,.228,-0.025,.337,.365,-0.028,.283,.306,-0.023
Granderson, Curtis,434158,2019,363,221,.183,.213,-0.030,.356,.386,-0.030,.275,.306,-0.031
Hosmer, Eric,543333,2019,667,461,.265,.251,0.014,.425,.413,0.012,.309,.305,0.004
Stewart, DJ,621466,2019,142,101,.238,.232,0.006,.381,.393,-0.012,.299,.305,-0.006
Bader, Harrison,664056,2019,406,233,.205,.204,0.001,.366,.392,-0.026,.293,.305,-0.012
Alonso, Yonder,475174,2019,335,224,.199,.230,-0.031,.346,.373,-0.027,.277,.305,-0.028
O'Hearn, Ryan,656811,2019,370,231,.195,.219,-0.024,.369,.405,-0.036,.278,.305,-0.027
Hoerner, Nico,663538,2019,82,68,.282,.297,-0.015,.436,.388,0.048,.305,.304,0.001
Segura, Jean,516416,2019,618,507,.280,.262,0.018,.420,.393,0.027,.315,.304,0.011
Guillorme, Luis,641645,2019,70,49,.246,.231,0.015,.361,.387,-0.026,.299,.304,-0.005
Brown, Seth,664913,2019,83,52,.293,.237,0.056,.453,.384,0.069,.347,.303,0.044
Andrus, Elvis,462101,2019,648,514,.275,.264,0.011,.393,.388,0.005,.300,.303,-0.003
Healy, Ryon,592387,2019,187,133,.237,.228,0.009,.456,.411,0.045,.308,.303,0.005
Grisham, Trent,663757,2019,183,111,.231,.224,0.007,.410,.365,0.045,.316,.303,0.013
Crawford, Brandon,543063,2019,560,387,.228,.235,-0.007,.350,.391,-0.041,.281,.303,-0.022
Urías, Luis,649966,2019,249,159,.223,.224,-0.001,.326,.354,-0.028,.294,.303,-0.009
Greinke, Zack,425844,2019,56,42,.280,.241,0.039,.580,.439,0.141,.362,.302,0.060
Mercado, Oscar,640458,2019,482,365,.269,.252,0.017,.443,.391,0.052,.321,.302,0.019
Panik, Joe,605412,2019,491,397,.244,.248,-0.004,.336,.369,-0.033,.284,.302,-0.018
Hernández, Enrique,571771,2019,460,321,.237,.236,0.001,.411,.395,0.016,.301,.302,-0.001
Piña, Manny,444489,2019,179,109,.228,.219,0.009,.411,.395,0.016,.308,.302,0.006
Shuck, JB,543776,2019,57,38,.213,.231,-0.018,.255,.287,-0.032,.279,.302,-0.023
Holt, Brock,571788,2019,295,206,.297,.248,0.049,.402,.349,0.053,.333,.301,0.032
Rojas, Miguel,500743,2019,526,427,.284,.268,0.016,.379,.367,0.012,.305,.301,0.004
Romine, Austin,519222,2019,240,180,.281,.255,0.026,.439,.424,0.015,.315,.301,0.014
Ramirez, Harold,623912,2019,446,331,.276,.263,0.013,.416,.402,0.014,.308,.301,0.007
Peralta, David,444482,2019,423,296,.275,.244,0.031,.461,.377,0.084,.338,.301,0.037
Buxton, Byron,621439,2019,295,206,.262,.240,0.022,.513,.412,0.101,.340,.301,0.039
Casali, Curt,592200,2019,236,151,.251,.226,0.025,.411,.379,0.032,.316,.301,0.015
Goodrum, Niko,592348,2019,472,287,.248,.233,0.015,.421,.383,0.038,.315,.301,0.014
Rengifo, Luis,650859,2019,406,268,.238,.229,0.009,.364,.359,0.005,.298,.301,-0.003
Rodríguez, Sean,446481,2019,139,76,.223,.196,0.027,.375,.327,0.048,.319,.300,0.019
Murphy, Tom,608596,2019,281,174,.273,.215,0.058,.535,.431,0.104,.355,.299,0.056
Zobrist, Ben,450314,2019,176,128,.260,.238,0.022,.313,.310,0.003,.303,.299,0.004
Estrada, Thairo,642731,2019,69,50,.250,.247,0.003,.438,.407,0.031,.308,.299,0.009
Dixon, Brandon,641525,2019,420,259,.248,.229,0.019,.435,.429,0.006,.303,.299,0.004
Grichuk, Randal,545341,2019,628,425,.232,.232,0.000,.457,.421,0.036,.307,.299,0.008
Heredia, Guillermo,628338,2019,231,147,.225,.241,-0.016,.363,.347,0.016,.291,.299,-0.008
Gomes, Yan,543228,2019,358,231,.223,.214,0.009,.389,.387,0.002,.298,.299,-0.001
Perez, Michael,605421,2019,55,27,.217,.183,0.034,.326,.347,-0.021,.303,.299,0.004
Hernández, César,514917,2019,667,516,.279,.259,0.020,.408,.368,0.040,.315,.298,0.017
Toro, Abraham,647351,2019,89,60,.218,.222,-0.004,.385,.374,0.011,.295,.298,-0.003
Castillo, Welington,456078,2019,251,158,.209,.216,-0.007,.417,.423,-0.006,.287,.298,-0.011
Chang, Yu,644374,2019,84,51,.178,.204,-0.026,.274,.366,-0.092,.254,.298,-0.044
Newman, Kevin,621028,2019,531,434,.308,.266,0.042,.446,.365,0.081,.339,.297,0.042
Goodwin, Brian,571718,2019,458,288,.262,.225,0.037,.470,.396,0.074,.332,.297,0.035
Dean, Austin,621573,2019,189,133,.225,.252,-0.027,.404,.417,-0.013,.276,.297,-0.021
Martin, Russell,431145,2019,249,151,.220,.211,0.009,.330,.337,-0.007,.295,.297,-0.002
Fisher, Derek,605233,2019,167,89,.185,.210,-0.025,.370,.377,-0.007,.285,.297,-0.012
Ramirez, Hanley,434670,2019,57,32,.184,.207,-0.023,.327,.346,-0.019,.278,.297,-0.019
Davis, Jaylin,664041,2019,47,31,.167,.234,-0.067,.238,.340,-0.102,.227,.297,-0.070
Federowicz, Tim,543148,2019,83,47,.160,.235,-0.075,.347,.428,-0.081,.236,.297,-0.061
Pillar, Kevin,607680,2019,645,529,.259,.258,0.001,.432,.407,0.025,.298,.296,0.002
France, Ty,664034,2019,201,136,.234,.230,0.004,.402,.393,0.009,.296,.296,0.000
Franco, Maikel,596748,2019,428,331,.234,.242,-0.008,.409,.416,-0.007,.281,.295,-0.014
Nola, Austin,543592,2019,267,177,.269,.231,0.038,.454,.361,0.093,.337,.294,0.043
Taylor, Chris,621035,2019,414,258,.262,.228,0.034,.462,.375,0.087,.331,.294,0.037
Senzel, Nick,669222,2019,414,275,.256,.232,0.024,.427,.393,0.034,.311,.294,0.017
Neuse, Sheldon,641914,2019,61,38,.250,.263,-0.013,.304,.366,-0.062,.262,.294,-0.032
Naylor, Josh,647304,2019,279,190,.249,.236,0.013,.403,.377,0.026,.306,.294,0.012
Parra, Gerardo,467827,2019,301,218,.234,.241,-0.007,.391,.379,0.012,.288,.294,-0.006
Knapp, Andrew,595284,2019,160,88,.213,.209,0.004,.324,.359,-0.035,.282,.294,-0.012
Davis, Jonathan,641505,2019,95,61,.181,.227,-0.046,.265,.364,-0.099,.240,.294,-0.054
Cabrera, Melky,466320,2019,397,338,.280,.274,0.006,.399,.374,0.025,.301,.293,0.008
Gamel, Ben,592325,2019,356,209,.248,.223,0.025,.373,.335,0.038,.308,.293,0.015
Maldonado, Martín,455117,2019,374,250,.213,.211,0.002,.378,.380,-0.002,.288,.293,-0.005
Kang, Jung Ho,628356,2019,185,113,.169,.215,-0.046,.395,.428,-0.033,.256,.293,-0.037
Alberto, Hanser,593643,2019,550,480,.305,.271,0.034,.422,.381,0.041,.318,.292,0.026
Wendle, Joey,621563,2019,263,194,.231,.254,-0.023,.340,.340,0.000,.275,.292,-0.017
Kiermaier, Kevin,595281,2019,480,345,.228,.239,-0.011,.398,.392,0.006,.284,.292,-0.008
Davis, Chris,448801,2019,352,171,.179,.202,-0.023,.326,.368,-0.042,.263,.292,-0.029
Ervin, Phillip,640447,2019,260,175,.271,.228,0.043,.466,.360,0.106,.334,.291,0.043
Garcia, Greg,594824,2019,372,231,.248,.213,0.035,.354,.295,0.059,.319,.291,0.028
Polanco, Gregory,570256,2019,167,104,.242,.225,0.017,.425,.402,0.023,.303,.291,0.012
Ruiz, Rio,547004,2019,413,285,.232,.228,0.004,.376,.353,0.023,.294,.291,0.003
Crawford, J.P.,641487,2019,396,268,.226,.230,-0.004,.371,.331,0.040,.296,.291,0.005
Bauers, Jake,641343,2019,423,260,.226,.218,0.008,.371,.348,0.023,.296,.291,0.005
Peterson, Jace,607054,2019,108,77,.220,.247,-0.027,.330,.378,-0.048,.258,.291,-0.033
Harrison, Josh,543281,2019,147,112,.175,.239,-0.064,.263,.406,-0.143,.208,.291,-0.083
Wong, Kolten,543939,2019,549,406,.285,.235,0.050,.423,.343,0.080,.334,.290,0.044
Gardner, Brett,458731,2019,550,386,.251,.226,0.025,.503,.357,0.146,.344,.290,0.054
Garneau, Dustin,572863,2019,101,64,.244,.197,0.047,.407,.332,0.075,.327,.290,0.037
Walsh, Jared,665120,2019,87,44,.203,.215,-0.012,.329,.397,-0.068,.259,.290,-0.031
Herrmann, Chris,543302,2019,94,56,.202,.227,-0.025,.274,.356,-0.082,.248,.290,-0.042
Morrison, Logan,489149,2019,38,25,.200,.204,-0.004,.400,.413,-0.013,.280,.290,-0.010
Murphy, Daniel,502517,2019,478,368,.279,.248,0.031,.452,.367,0.085,.326,.289,0.037
Robles, Victor,645302,2019,617,417,.255,.227,0.028,.419,.363,0.056,.317,.289,0.028
Inciarte, Ender,542255,2019,230,159,.246,.229,0.017,.397,.313,0.084,.318,.289,0.029
Locastro, Tim,641796,2019,250,170,.250,.220,0.030,.340,.288,0.052,.314,.288,0.026
Cuthbert, Cheslor,596144,2019,330,242,.246,.244,0.002,.379,.376,0.003,.287,.288,-0.001
Beckham, Tim,542921,2019,328,202,.237,.211,0.026,.461,.407,0.054,.315,.288,0.027
Lucroy, Jonathan,518960,2019,328,245,.232,.228,0.004,.355,.354,0.001,.286,.288,-0.002
Flowers, Tyler,452095,2019,310,168,.229,.195,0.034,.413,.379,0.034,.310,.288,0.022
Martini, Nick,605361,2019,109,68,.226,.229,-0.003,.323,.291,0.032,.291,.288,0.003
Arroyo, Christian,624414,2019,57,33,.220,.218,0.002,.380,.356,0.024,.296,.288,0.008
Brault, Steven,643230,2019,50,41,.333,.273,0.060,.429,.395,0.034,.332,.287,0.045
McGuire, Reese,624512,2019,105,79,.299,.242,0.057,.526,.374,0.152,.360,.287,0.073
Tapia, Raimel,606132,2019,447,326,.275,.252,0.023,.415,.374,0.041,.307,.286,0.021
Vargas, Ildemaro,545121,2019,211,178,.269,.258,0.011,.413,.366,0.047,.300,.286,0.014
Hechavarría, Adeiny,588751,2019,221,156,.241,.218,0.023,.443,.376,0.067,.312,.286,0.026
Smith Jr., Dwight,596105,2019,392,280,.241,.232,0.009,.412,.364,0.048,.299,.286,0.013
Thaiss, Matt,642136,2019,164,95,.211,.211,0.000,.422,.360,0.062,.303,.286,0.017
Wolters, Tony,547172,2019,411,299,.262,.246,0.016,.329,.318,0.011,.290,.285,0.005
Chavis, Michael,656308,2019,382,220,.254,.209,0.045,.444,.387,0.057,.323,.285,0.038
Russell, Addison,608365,2019,241,160,.237,.221,0.016,.391,.352,0.039,.297,.285,0.012
Peraza, José,606299,2019,403,320,.239,.254,-0.015,.346,.346,0.000,.272,.284,-0.012
Camargo, Johan,622666,2019,248,190,.233,.248,-0.015,.384,.362,0.022,.279,.284,-0.005
Wieters, Matt,446308,2019,183,123,.214,.215,-0.001,.435,.397,0.038,.292,.284,0.008
Phegley, Josh,572033,2019,342,258,.239,.242,-0.003,.411,.366,0.045,.291,.283,0.008
Hicks, Aaron,543305,2019,255,152,.235,.194,0.041,.443,.359,0.084,.325,.283,0.042
Plawecki, Kevin,608700,2019,174,128,.222,.219,0.003,.342,.356,-0.014,.273,.283,-0.010
Gómez, Carlos,460576,2019,99,59,.198,.207,-0.009,.337,.357,-0.020,.268,.283,-0.015
Bour, Justin,571506,2019,170,100,.172,.188,-0.016,.364,.376,-0.012,.267,.283,-0.016
Cervelli, Francisco,465041,2019,160,101,.213,.202,0.011,.348,.347,0.001,.285,.282,0.003
Shaw, Travis,543768,2019,270,141,.157,.183,-0.026,.270,.336,-0.066,.248,.282,-0.034
Reyes, Victor,622682,2019,292,214,.304,.257,0.047,.431,.353,0.078,.325,.280,0.045
Farmer, Kyle,571657,2019,197,125,.230,.221,0.009,.410,.387,0.023,.289,.280,0.009
Lopes, Tim,621005,2019,128,83,.270,.210,0.060,.360,.313,0.047,.318,.279,0.039
Culberson, Charlie,518586,2019,144,93,.259,.231,0.028,.437,.390,0.047,.306,.279,0.027
Gregorius, Didi,544369,2019,344,273,.238,.230,0.008,.441,.381,0.060,.297,.279,0.018
Almora Jr., Albert,546991,2019,363,284,.236,.247,-0.011,.381,.379,0.002,.271,.279,-0.008
Rodríguez, Ronny,500135,2019,294,199,.221,.213,0.008,.438,.417,0.021,.283,.279,0.004
Dini, Nick,664926,2019,64,40,.196,.209,-0.013,.357,.339,0.018,.269,.279,-0.010
Mondesi, Adalberto,609275,2019,443,292,.263,.228,0.035,.424,.375,0.049,.298,.278,0.020
Lugo, Dawel,608475,2019,288,218,.245,.248,-0.003,.381,.376,0.005,.272,.278,-0.006
Díaz, Elias,553869,2019,332,251,.241,.239,0.002,.307,.326,-0.019,.265,.278,-0.013
Demeritte, Travis,641513,2019,186,108,.225,.221,0.004,.343,.351,-0.008,.272,.278,-0.006
Heineman, Scott,595981,2019,85,55,.213,.208,0.005,.373,.310,0.063,.295,.278,0.017
Robertson, Daniel,621002,2019,237,148,.213,.211,0.002,.295,.293,0.002,.275,.278,-0.003
Tucker, Cole,657061,2019,159,108,.211,.236,-0.025,.361,.360,0.001,.264,.278,-0.014
Murphy, John Ryan,571974,2019,70,36,.175,.192,-0.017,.413,.384,0.029,.276,.278,-0.002
McKinney, Billy,641856,2019,276,182,.215,.215,0.000,.422,.359,0.063,.291,.277,0.014
Ortega, Rafael,542364,2019,96,66,.205,.216,-0.011,.307,.351,-0.044,.254,.277,-0.023
Holaday, Bryan,592407,2019,129,96,.278,.233,0.045,.435,.333,0.102,.326,.276,0.050
Freeman, Mike,502273,2019,213,126,.277,.211,0.066,.390,.293,0.097,.327,.276,0.051
Galvis, Freddy,520471,2019,589,415,.260,.232,0.028,.438,.378,0.060,.307,.276,0.031
Stubbs, Garrett,596117,2019,39,28,.200,.224,-0.024,.286,.301,-0.015,.254,.276,-0.022
Gyorko, Jedd,576397,2019,101,68,.174,.210,-0.036,.250,.349,-0.099,.224,.276,-0.052
Rickard, Joey,572073,2019,189,118,.226,.212,0.014,.357,.319,0.038,.290,.275,0.015
Moore, Dylan,664238,2019,282,155,.206,.188,0.018,.389,.334,0.055,.299,.275,0.024
Castro, Harold,605612,2019,369,274,.291,.253,0.038,.384,.365,0.019,.292,.274,0.018
Engel, Adam,641553,2019,248,150,.242,.219,0.023,.383,.341,0.042,.296,.274,0.022
Valera, Breyvic,591971,2019,52,40,.234,.216,0.018,.383,.322,0.061,.297,.274,0.023
Beckham, Gordon,493596,2019,240,155,.215,.211,0.004,.372,.371,0.001,.274,.274,0.000
Iglesias, José,578428,2019,530,437,.288,.253,0.035,.407,.345,0.062,.306,.273,0.033
Dubón, Mauricio,643289,2019,111,86,.274,.243,0.031,.434,.351,0.083,.312,.273,0.039
O'Neill, Tyler,641933,2019,151,88,.262,.212,0.050,.411,.373,0.038,.308,.273,0.035
Taylor, Michael A.,572191,2019,97,56,.250,.208,0.042,.364,.369,-0.005,.289,.273,0.016
Margot, Manuel,622534,2019,441,313,.234,.217,0.017,.387,.325,0.062,.296,.273,0.023
Tilson, Charlie,605508,2019,157,106,.229,.237,-0.008,.285,.318,-0.033,.256,.273,-0.017
Herrera, Odúbel,546318,2019,139,94,.222,.221,0.001,.341,.333,0.008,.272,.273,-0.001
García, Robel,596825,2019,80,38,.208,.172,0.036,.500,.394,0.106,.315,.273,0.042
Zunino, Mike,572287,2019,289,168,.165,.193,-0.028,.312,.380,-0.068,.235,.273,-0.038
Jay, Jon,445055,2019,182,141,.267,.247,0.020,.315,.320,-0.005,.275,.272,0.003
Mejía, Francisco,642336,2019,244,171,.265,.215,0.050,.438,.363,0.075,.317,.272,0.045
Barnhart, Tucker,571466,2019,364,235,.231,.207,0.024,.380,.310,0.070,.301,.272,0.029
Reynolds, Mark,448602,2019,162,81,.170,.166,0.004,.311,.295,0.016,.267,.272,-0.005
Dyson, Jarrod,502481,2019,452,317,.230,.218,0.012,.320,.291,0.029,.281,.271,0.010
Arcia, Orlando,606115,2019,546,393,.223,.215,0.008,.350,.343,0.007,.269,.271,-0.002
Cordell, Ryan,641477,2019,247,156,.221,.203,0.018,.355,.350,0.005,.279,.271,0.008
Travis, Sam,607752,2019,157,109,.215,.210,0.005,.382,.365,0.017,.273,.271,0.002
González, Carlos,471865,2019,166,95,.200,.200,0.000,.283,.319,-0.036,.254,.271,-0.017
Prado, Martín,445988,2019,260,207,.233,.249,-0.016,.294,.334,-0.040,.243,.270,-0.027
Sánchez, Yolmer,570560,2019,555,389,.252,.226,0.026,.321,.309,0.012,.281,.269,0.012
Allen, Greg,656185,2019,256,183,.229,.220,0.009,.346,.326,0.020,.274,.269,0.005
White, Tyler,643603,2019,279,165,.208,.194,0.014,.304,.293,0.011,.274,.269,0.005
Brosseau, Mike,670712,2019,142,94,.273,.213,0.060,.462,.354,0.108,.329,.268,0.061
Williams, Nick,608384,2019,112,63,.151,.217,-0.066,.245,.365,-0.120,.193,.268,-0.075
García, Leury,544725,2019,618,452,.279,.238,0.041,.378,.346,0.032,.294,.267,0.027
Hernández, Gorkys,491676,2019,57,38,.143,.202,-0.059,.245,.313,-0.068,.204,.267,-0.063
DeShields, Delino,592261,2019,408,267,.249,.210,0.039,.347,.307,0.040,.295,.266,0.029
Haseley, Adam,656514,2019,242,163,.266,.213,0.053,.396,.325,0.071,.309,.265,0.044
Simmons, Andrelton,592743,2019,424,361,.264,.234,0.030,.364,.317,0.047,.290,.265,0.025
Descalso, Daniel,518614,2019,194,113,.173,.187,-0.014,.250,.292,-0.042,.236,.265,-0.029
Long Jr., Shed,643418,2019,168,112,.263,.200,0.063,.454,.317,0.137,.333,.264,0.069
Duggar, Steven,621453,2019,281,186,.234,.217,0.017,.341,.335,0.006,.265,.264,0.001
Hedges, Austin,595978,2019,347,206,.176,.194,-0.018,.311,.346,-0.035,.242,.264,-0.022
Kiner-Falefa, Isiah,643396,2019,222,155,.238,.219,0.019,.322,.301,0.021,.272,.262,0.010
Joseph, Caleb,543376,2019,41,29,.211,.237,-0.026,.263,.329,-0.066,.227,.262,-0.035
Difo, Wilmer,594694,2019,144,103,.252,.233,0.019,.313,.305,0.008,.270,.261,0.009
Delmonico, Nicky,547170,2019,68,38,.206,.212,-0.006,.286,.326,-0.040,.243,.261,-0.018
Herrera, Rosell,594011,2019,119,79,.200,.206,-0.006,.314,.290,0.024,.263,.260,0.003
Williamson, Mac,607776,2019,144,84,.156,.195,-0.039,.258,.295,-0.037,.230,.260,-0.030
Hampson, Garrett,641658,2019,327,215,.247,.213,0.034,.385,.320,0.065,.292,.259,0.033
Matz, Steven,571927,2019,61,44,.228,.245,-0.017,.281,.362,-0.081,.217,.259,-0.042
Lorenzen, Michael,547179,2019,53,31,.208,.199,0.009,.313,.305,0.008,.262,.259,0.003
Solarte, Yangervis,500208,2019,78,58,.205,.240,-0.035,.315,.319,-0.004,.236,.259,-0.023
Wade, Tyler,642180,2019,108,68,.245,.182,0.063,.362,.296,0.066,.303,.258,0.045
Elmore, Jake,518653,2019,49,39,.213,.243,-0.030,.234,.320,-0.086,.213,.258,-0.045
Quinn, Roman,596451,2019,122,75,.213,.185,0.028,.370,.315,0.055,.289,.257,0.032
Sucre, Jesús,491696,2019,67,49,.210,.210,0.000,.242,.302,-0.060,.231,.257,-0.026
Tovar, Wilfredo,541600,2019,88,68,.193,.237,-0.044,.253,.295,-0.042,.217,.257,-0.040
Díaz, Isan,656371,2019,201,121,.173,.177,-0.004,.307,.316,-0.009,.248,.257,-0.009
Maile, Luke,571912,2019,129,88,.151,.209,-0.058,.235,.328,-0.093,.194,.257,-0.063
Trevino, Jose,624431,2019,126,96,.258,.236,0.022,.383,.343,0.040,.274,.256,0.018
Goins, Ryan,572365,2019,163,101,.250,.195,0.055,.347,.284,0.063,.298,.256,0.042
Martin, Leonys,547982,2019,264,161,.199,.177,0.022,.343,.325,0.018,.269,.256,0.013
Riddle, JT,595375,2019,139,90,.189,.195,-0.006,.371,.375,-0.004,.250,.256,-0.006
Pearce, Steve,456665,2019,99,59,.180,.198,-0.018,.258,.326,-0.068,.221,.256,-0.035
Gallagher, Cam,595956,2019,142,100,.238,.203,0.035,.365,.281,0.084,.294,.255,0.039
Marisnick, Jake,545350,2019,318,200,.233,.196,0.037,.411,.326,0.085,.297,.255,0.042
Rondón, José,602922,2019,157,106,.196,.207,-0.011,.280,.301,-0.021,.241,.255,-0.014
Wilkerson, Stevie,592859,2019,361,224,.225,.199,0.026,.383,.313,0.070,.286,.254,0.032
Wynns, Austin,642851,2019,74,57,.214,.231,-0.017,.271,.318,-0.047,.226,.254,-0.028
Kramer, Kevin,596012,2019,50,27,.167,.181,-0.014,.190,.311,-0.121,.212,.254,-0.042
Pérez, Hernán,541650,2019,246,169,.228,.213,0.015,.379,.329,0.050,.271,.253,0.018
Barnes, Austin,605131,2019,242,158,.203,.187,0.016,.340,.292,0.048,.272,.253,0.019
Arteaga, Humberto,600858,2019,135,97,.197,.217,-0.020,.230,.284,-0.054,.221,.251,-0.030
Strange-Gordon, Dee,543829,2019,421,341,.275,.237,0.038,.359,.294,0.065,.282,.250,0.032
Smith, Mallex,605480,2019,566,372,.227,.194,0.033,.335,.276,0.059,.278,.250,0.028
Kinsler, Ian,435079,2019,281,205,.217,.203,0.014,.368,.296,0.072,.277,.249,0.028
Kemp, Tony,643393,2019,279,203,.212,.189,0.023,.380,.273,0.107,.285,.249,0.036
Greiner, Grayson,606988,2019,224,140,.202,.196,0.006,.308,.323,-0.015,.242,.249,-0.007
Mendick, Danny,664901,2019,40,28,.308,.231,0.077,.462,.325,0.137,.332,.248,0.084
Swihart, Blake,596119,2019,99,56,.163,.196,-0.033,.304,.313,-0.009,.228,.248,-0.020
Lagares, Juan,501571,2019,285,186,.213,.204,0.009,.326,.288,0.038,.258,.247,0.011
Hicks, John,543308,2019,333,211,.210,.200,0.010,.379,.348,0.031,.259,.247,0.012
Negrón, Kristopher,502117,2019,82,51,.247,.203,0.044,.338,.323,0.015,.269,.246,0.023
Martin, Richie,621006,2019,309,206,.208,.206,0.002,.322,.295,0.027,.252,.246,0.006
Brinson, Lewis,621446,2019,248,155,.173,.199,-0.026,.221,.295,-0.074,.205,.246,-0.041
Fried, Max,608331,2019,65,44,.196,.201,-0.005,.268,.274,-0.006,.236,.245,-0.009
Cozart, Zack,446359,2019,107,84,.124,.207,-0.083,.144,.271,-0.127,.150,.245,-0.095
Muñoz, Yairo,622168,2019,181,136,.267,.212,0.055,.355,.304,0.051,.281,.243,0.038
González, Erik,570481,2019,156,109,.254,.219,0.035,.317,.292,0.025,.262,.242,0.020
Hamilton, Billy,571740,2019,353,234,.218,.210,0.008,.275,.249,0.026,.251,.242,0.009
Saladino, Tyler,573135,2019,71,39,.123,.172,-0.049,.215,.300,-0.085,.187,.242,-0.055
Gutierrez, Kelvin,642721,2019,79,50,.260,.198,0.062,.356,.283,0.073,.284,.241,0.043
Bradley, Bobby,656252,2019,49,25,.178,.178,0.000,.356,.301,0.055,.256,.241,0.015
Castro, Willi,650489,2019,110,68,.230,.198,0.032,.340,.286,0.054,.270,.240,0.030
Schebler, Scott,594988,2019,95,54,.123,.144,-0.021,.222,.239,-0.017,.223,.240,-0.017
Starling, Bubba,605490,2019,197,131,.215,.206,0.009,.317,.297,0.020,.247,.239,0.008
Knizner, Andrew,668800,2019,58,39,.226,.172,0.054,.377,.286,0.091,.289,.236,0.053
Núñez, Eduardo,456488,2019,174,143,.228,.227,0.001,.305,.296,0.009,.233,.235,-0.002
Lopez, Nicky,670032,2019,402,332,.240,.213,0.027,.325,.270,0.055,.260,.234,0.026
Reyes, Pablo,622569,2019,157,107,.203,.178,0.025,.322,.266,0.056,.260,.234,0.026
Owings, Chris,572008,2019,196,102,.139,.169,-0.030,.233,.284,-0.051,.198,.233,-0.035
Ureña, Richard,620446,2019,80,54,.243,.203,0.040,.324,.297,0.027,.258,.232,0.026
Phillips, Brett,621433,2019,79,46,.138,.137,0.001,.262,.242,0.020,.228,.231,-0.003
Nido, Tomás,621512,2019,144,100,.191,.189,0.002,.316,.316,0.000,.227,.230,-0.003
Broxton, Keon,542979,2019,228,103,.167,.158,0.009,.275,.279,-0.004,.229,.230,-0.001
Galloway, Isaac,543194,2019,54,37,.167,.206,-0.039,.185,.335,-0.150,.151,.229,-0.078
Joseph, Corban,543377,2019,68,53,.156,.203,-0.047,.250,.288,-0.038,.189,.229,-0.040
Stassi, Max,545358,2019,147,85,.136,.166,-0.030,.167,.255,-0.088,.177,.229,-0.052
Valaika, Pat,642162,2019,86,45,.190,.168,0.022,.316,.271,0.045,.248,.227,0.021
Daza, Yonathan,602074,2019,105,77,.206,.199,0.007,.237,.255,-0.018,.221,.226,-0.005
Hundley, Nick,460026,2019,73,52,.200,.188,0.012,.357,.298,0.059,.248,.226,0.022
Gennett, Scooter,571697,2019,139,94,.226,.199,0.027,.323,.291,0.032,.241,.225,0.016
Mullins, Cedric,656775,2019,74,53,.094,.165,-0.071,.156,.248,-0.092,.159,.225,-0.066
Woodruff, Brandon,605540,2019,49,28,.267,.214,0.053,.356,.288,0.068,.272,.224,0.048
Gore, Terrance,605253,2019,58,33,.275,.164,0.111,.353,.197,0.156,.317,.222,0.095
Spangenberg, Cory,605486,2019,102,60,.232,.181,0.051,.358,.281,0.077,.267,.221,0.046
León, Sandy,506702,2019,191,130,.192,.167,0.025,.297,.240,0.057,.239,.220,0.019
Hernández, Marco,593523,2019,155,107,.250,.199,0.051,.338,.258,0.080,.266,.216,0.050
Peterson, Dustin,640460,2019,47,30,.227,.177,0.050,.318,.249,0.069,.259,.216,0.043
Musgrove, Joe,605397,2019,61,40,.157,.175,-0.018,.235,.300,-0.065,.183,.216,-0.033
Strasburg, Stephen,544931,2019,80,52,.167,.188,-0.021,.222,.274,-0.052,.186,.215,-0.029
Butera, Drew,460077,2019,49,31,.163,.174,-0.011,.233,.214,0.019,.206,.213,-0.007
Skole, Matt,605474,2019,80,42,.208,.170,0.038,.236,.210,0.026,.232,.212,0.020
Sierra, Magneuris,642423,2019,42,33,.350,.191,0.159,.425,.230,0.195,.347,.210,0.137
Higashioka, Kyle,543309,2019,57,31,.214,.165,0.049,.464,.326,0.138,.270,.210,0.060
Rivera, Yadiel,592680,2019,66,40,.183,.161,0.022,.217,.212,0.005,.218,.210,0.008
Palka, Daniel,594953,2019,93,49,.107,.145,-0.038,.179,.227,-0.048,.174,.210,-0.036
Altherr, Aaron,571437,2019,66,37,.082,.156,-0.074,.164,.271,-0.107,.135,.209,-0.074
Wheeler, Zack,554430,2019,64,41,.211,.168,0.043,.298,.237,0.061,.246,.208,0.038
Hamels, Cole,430935,2019,46,29,.143,.186,-0.043,.167,.252,-0.085,.155,.208,-0.053
deGrom, Jacob,594798,2019,70,47,.200,.166,0.034,.323,.248,0.075,.245,.207,0.038
Ryu, Hyun Jin,547943,2019,67,40,.157,.161,-0.004,.235,.249,-0.014,.202,.207,-0.005
Viloria, Meibrys,650619,2019,148,94,.211,.167,0.044,.286,.223,0.063,.236,.206,0.030
Barreto, Franklin,620439,2019,58,34,.123,.162,-0.039,.263,.314,-0.051,.166,.206,-0.040
Maeda, Kenta,628317,2019,61,48,.250,.218,0.032,.292,.249,0.043,.232,.205,0.027
Rodgers, Brendan,663898,2019,81,49,.224,.166,0.058,.250,.240,0.010,.234,.205,0.029
Rogers, Jake,668670,2019,128,63,.125,.125,0.000,.259,.222,0.037,.216,.205,0.011
Bumgarner, Madison,518516,2019,76,27,.127,.117,0.010,.222,.210,0.012,.213,.204,0.009
Lester, Jon,452657,2019,53,28,.188,.141,0.047,.292,.208,0.084,.246,.202,0.044
Wainwright, Adam,425794,2019,59,37,.160,.173,-0.013,.220,.236,-0.016,.177,.199,-0.022
Arrieta, Jake,453562,2019,50,30,.156,.202,-0.046,.178,.240,-0.062,.155,.199,-0.044
Hanson, Alen,593700,2019,48,27,.163,.174,-0.011,.163,.198,-0.035,.174,.196,-0.022
Allen, Austin,664119,2019,71,44,.215,.167,0.048,.277,.227,0.050,.230,.193,0.037
Flaherty, Jack,656427,2019,66,47,.185,.179,0.006,.241,.232,0.009,.195,.193,0.002
Fuentes, Joshua,658069,2019,56,35,.218,.173,0.045,.400,.258,0.142,.262,.192,0.070
Kemp, Matt,461314,2019,62,42,.200,.168,0.032,.283,.276,0.007,.208,.192,0.016
Andújar, Miguel,609280,2019,49,37,.128,.162,-0.034,.128,.236,-0.108,.121,.192,-0.071
Márquez, Germán,608566,2019,58,44,.229,.187,0.042,.354,.259,0.095,.242,.190,0.052
Mayfield, Jack,608686,2019,65,48,.156,.156,0.000,.328,.284,0.044,.204,.190,0.014
Mathis, Jeff,425772,2019,244,142,.158,.154,0.004,.224,.212,0.012,.190,.187,0.003
Kratz, Erik,456124,2019,53,35,.102,.134,-0.032,.204,.188,0.016,.169,.179,-0.010
Bishop, Braden,623323,2019,60,36,.107,.150,-0.043,.107,.188,-0.081,.124,.174,-0.050
Soroka, Mike,647336,2019,63,37,.077,.142,-0.065,.077,.158,-0.081,.112,.173,-0.061
Bourjos, Peter,488721,2019,46,30,.091,.137,-0.046,.114,.203,-0.089,.098,.166,-0.068
Nola, Aaron,605400,2019,70,29,.119,.111,0.008,.153,.132,0.021,.168,.162,0.006
Buehler, Walker,621111,2019,66,29,.085,.112,-0.027,.136,.176,-0.040,.130,.159,-0.029
Bemboom, Anthony,621532,2019,56,34,.130,.132,-0.002,.204,.209,-0.005,.149,.155,-0.006
Hendricks, Kyle,543294,2019,64,32,.148,.127,0.021,.167,.153,0.014,.165,.151,0.014
Fraley, Jake,641584,2019,41,26,.150,.130,0.020,.200,.183,0.017,.162,.148,0.014
Scherzer, Max,453286,2019,61,34,.182,.147,0.035,.182,.181,0.001,.158,.141,0.017
Wilson, Bobby,435064,2019,47,34,.091,.116,-0.025,.114,.144,-0.030,.113,.141,-0.028
Teheran, Julio,527054,2019,60,36,.109,.138,-0.029,.127,.171,-0.044,.099,.133,-0.034
Gray, Jon,592351,2019,59,34,.064,.105,-0.041,.064,.116,-0.052,.094,.133,-0.039
Mikolas, Miles,571945,2019,62,35,.136,.133,0.003,.153,.157,-0.004,.124,.127,-0.003
Gray, Sonny,543243,2019,60,39,.152,.103,0.049,.196,.120,0.076,.169,.123,0.046
Corbin, Patrick,571578,2019,72,42,.092,.098,-0.006,.108,.125,-0.017,.112,.123,-0.011
Hudson, Dakota,641712,2019,59,34,.078,.118,-0.040,.078,.135,-0.057,.081,.118,-0.037
Kershaw, Clayton,477132,2019,65,48,.102,.104,-0.002,.122,.128,-0.006,.108,.114,-0.006
Sánchez, Aníbal,434671,2019,56,32,.115,.120,-0.005,.115,.138,-0.023,.100,.113,-0.013
DeSclafani, Anthony,543101,2019,57,29,.109,.105,0.004,.109,.124,-0.015,.095,.100,-0.005
Castillo, Luis,622491,2019,66,34,.097,.104,-0.007,.113,.125,-0.012,.090,.096,-0.006
Quintana, José,500779,2019,63,36,.093,.105,-0.012,.111,.117,-0.006,.087,.096,-0.009
Ray, Robbie,592662,2019,60,32,.073,.095,-0.022,.073,.112,-0.039,.063,.089,-0.026