Tyler Glasnow,TBR,11.73,1.64,7.17,0.27,35.8%,5.0%,30.8%,.142,0.67,.214,97.1%,0.55,1.55,-1.00,2.78,14374
Kirby Yates,SDP,14.57,2.13,6.83,0.36,38.7%,5.7%,33.0%,.198,0.99,.327,75.2%,1.42,1.56,-0.14,2.30,9073
Liam Hendriks,OAK,13.84,2.50,5.55,0.45,37.7%,6.8%,30.9%,.223,1.11,.356,85.3%,2.04,1.70,0.34,3.20,3548
Andres Munoz,SDP,12.19,4.35,2.80,0.00,31.8%,11.4%,20.5%,.184,1.16,.280,41.7%,6.10,1.96,4.14,3.50,20373
Austin Adams,- - -,13.50,4.86,2.78,0.00,36.8%,13.2%,23.5%,.158,1.08,.273,84.2%,1.62,2.01,-0.39,3.09,13801
Seranthony Dominguez,PHI,10.38,3.46,3.00,0.00,27.3%,9.1%,18.2%,.245,1.31,.343,70.6%,2.08,2.06,0.02,3.74,19249
Chad Green,NYY,13.25,1.72,7.71,0.74,35.5%,4.6%,30.9%,.241,1.12,.360,64.4%,4.17,2.07,2.10,3.01,15552
Max Scherzer,WSN,12.98,1.15,11.30,0.80,35.9%,3.2%,32.7%,.218,0.96,.324,78.7%,2.64,2.10,0.54,2.62,3137
Nick Anderson,- - -,14.59,3.10,4.70,0.62,40.2%,8.5%,31.6%,.183,1.00,.304,85.1%,2.17,2.11,0.06,2.65,18337
Felipe Vazquez,PIT,13.80,2.40,5.75,0.60,39.3%,6.8%,32.5%,.181,0.90,.293,95.6%,1.20,2.11,-0.91,2.64,12076
Randy Dobnak,MIN,7.31,1.13,6.50,0.00,19.7%,3.0%,16.7%,.222,1.00,.280,70.6%,0.56,2.15,-1.59,3.27,23798
Giovanny Gallegos,STL,11.79,1.93,6.11,0.64,37.2%,6.1%,31.1%,.145,0.69,.210,76.6%,2.14,2.17,-0.02,3.32,14986
Sean Manaea,OAK,8.47,2.12,4.00,0.00,26.7%,6.7%,20.0%,.145,0.71,.205,92.3%,0.53,2.21,-1.68,3.50,15873
Luke Weaver,ARI,10.35,1.77,5.86,0.50,28.9%,4.9%,23.9%,.218,1.01,.297,78.9%,2.27,2.32,-0.05,3.48,16918
Gerardo Reyes,SDP,13.50,2.93,4.60,0.59,34.3%,7.5%,26.9%,.246,1.24,.361,30.6%,8.80,2.43,6.37,3.92,16306
Juan Minaya,CHW,7.63,2.35,3.25,0.00,19.4%,6.0%,13.4%,.258,1.30,.327,85.7%,1.76,2.50,-0.74,4.96,10341
Taylor Rogers,MIN,11.83,1.54,7.67,0.77,32.6%,4.3%,28.4%,.225,1.00,.317,94.8%,1.54,2.56,-1.01,2.86,13449
Julio Urias,LAD,9.54,4.19,2.28,0.00,26.8%,11.8%,15.0%,.157,1.01,.226,72.5%,1.86,2.57,-0.71,4.01,14765
Aroldis Chapman,NYY,13.33,5.13,2.60,0.34,34.5%,13.3%,21.2%,.189,1.25,.298,76.7%,2.05,2.57,-0.52,3.36,10233
Carlos Rodon,CHW,10.03,2.70,3.71,0.39,28.3%,7.6%,20.7%,.133,0.77,.175,68.2%,1.93,2.57,-0.64,4.06,16137
Jacob deGrom,NYM,11.06,2.06,5.36,0.75,30.7%,5.7%,25.0%,.226,1.06,.308,84.1%,2.34,2.59,-0.25,3.14,10954
Ross Stripling,LAD,11.41,2.28,5.00,0.76,30.6%,6.1%,24.5%,.254,1.23,.353,69.3%,3.80,2.60,1.20,3.14,13273
Roberto Osuna,HOU,9.32,1.29,7.25,0.64,26.1%,3.6%,22.5%,.210,0.93,.267,74.4%,2.57,2.61,-0.04,3.81,13764
Jesus Luzardo,OAK,11.45,1.64,7.00,0.82,33.3%,4.8%,28.6%,.128,0.64,.167,90.9%,1.64,2.67,-1.03,3.30,19959
Chris Martin,- - -,10.73,1.30,8.25,0.98,32.0%,3.9%,28.2%,.216,0.90,.286,72.1%,3.25,2.67,0.58,2.99,11847
Josh James,HOU,12.13,4.85,2.50,0.30,34.5%,13.8%,20.7%,.121,0.94,.190,68.8%,2.73,2.67,0.06,4.45,16794
Jordan Hicks,STL,7.15,2.38,3.00,0.00,20.9%,7.0%,14.0%,.205,0.97,.267,66.7%,3.18,2.68,0.49,3.56,19618
Keone Kela,PIT,10.54,1.98,5.33,0.66,30.2%,5.7%,24.5%,.163,0.80,.219,84.9%,1.98,2.70,-0.73,3.64,14696
Mike Clevinger,CLE,11.30,2.20,5.13,0.83,32.0%,6.3%,25.8%,.215,1.03,.300,71.0%,3.58,2.72,0.86,3.08,12808
Daniel Stumpf,DET,8.79,4.40,2.00,0.00,21.2%,10.6%,10.6%,.310,1.74,.400,72.0%,2.51,2.73,-0.21,4.39,13780
Jimmy Cordero,CHW,10.67,4.40,2.43,0.00,28.8%,11.9%,16.9%,.160,1.05,.242,82.4%,1.88,2.73,-0.84,3.70,15690
Gerrit Cole,HOU,13.77,2.63,5.24,1.18,38.6%,7.4%,31.2%,.199,1.02,.296,84.7%,2.36,2.76,-0.41,2.84,13125
Sean Doolittle,WSN,10.44,2.16,4.83,0.72,27.9%,5.8%,22.1%,.227,1.12,.303,64.9%,4.32,2.77,1.55,4.28,1581
Chad Sobotka,ATL,13.78,5.51,2.50,0.55,36.8%,14.7%,22.1%,.190,1.29,.313,86.7%,2.20,2.79,-0.58,3.45,17470
Aaron Bummer,CHW,7.99,3.03,2.64,0.28,23.0%,8.7%,14.3%,.175,0.95,.224,74.3%,2.48,2.85,-0.37,3.12,16258
Brandon Workman,BOS,10.62,5.77,1.84,0.00,29.9%,16.2%,13.6%,.134,1.08,.207,72.1%,2.54,2.86,-0.32,4.13,11428
Noah Syndergaard,NYM,9.30,1.70,5.47,0.70,25.3%,4.6%,20.7%,.251,1.14,.320,71.0%,3.40,2.86,0.54,3.55,11762
Jacob Webb,ATL,9.00,2.65,3.40,0.53,26.2%,7.7%,18.5%,.167,0.88,.214,80.9%,1.06,2.86,-1.80,4.55,19274
Ryan Pressly,HOU,12.76,2.37,5.38,1.19,34.7%,6.5%,28.2%,.209,1.05,.290,72.0%,3.56,2.88,0.68,2.15,7005
Chaz Roe,TBR,11.51,6.35,1.81,0.00,27.1%,15.0%,12.1%,.258,1.72,.377,65.0%,4.37,2.91,1.46,4.92,9866
Marcus Stroman,- - -,7.51,2.29,3.29,0.44,20.0%,6.1%,13.9%,.255,1.25,.311,74.9%,2.72,2.94,-0.21,3.85,13431
Archie Bradley,ARI,11.07,4.59,2.41,0.27,27.5%,11.4%,16.1%,.233,1.41,.333,74.1%,3.24,2.94,0.30,4.17,12918
Brett Martin,TEX,10.07,2.42,4.17,0.81,24.0%,5.8%,18.3%,.330,1.70,.423,62.5%,6.45,2.95,3.50,3.12,17369
Hansel Robles,LAA,8.83,2.86,3.09,0.52,24.5%,7.9%,16.5%,.234,1.15,.293,80.6%,2.60,2.95,-0.36,4.44,11801
Rafael Montero,TEX,11.34,1.08,10.50,1.08,33.9%,3.2%,30.6%,.172,0.72,.229,98.2%,1.62,2.97,-1.35,3.20,12760
J.B. Wendelken,OAK,10.06,3.18,3.17,0.53,26.8%,8.5%,18.3%,.203,1.12,.273,53.8%,5.29,2.98,2.32,4.55,14506
Ranger Suarez,PHI,9.00,1.57,5.75,0.78,24.2%,4.2%,20.0%,.253,1.13,.308,74.4%,3.13,3.00,0.13,2.99,17277
Lucas Giolito,CHW,11.50,2.63,4.37,0.97,31.9%,7.3%,24.6%,.209,1.06,.286,80.2%,2.83,3.01,-0.18,3.56,15474
Darwinzon Hernandez,BOS,13.50,7.59,1.78,0.00,32.0%,18.0%,14.0%,.231,1.69,.375,84.2%,2.53,3.03,-0.50,3.77,19848
Jesse Chavez,TEX,10.10,3.09,3.27,0.62,26.2%,8.0%,18.2%,.238,1.26,.314,70.1%,3.30,3.03,0.27,4.19,5448
Robert Stephenson,CIN,10.36,1.64,6.33,1.09,29.5%,4.7%,24.8%,.174,0.82,.210,84.1%,2.18,3.03,-0.85,3.69,13594
Nick Goody,CLE,12.42,5.40,2.30,0.54,32.9%,14.3%,18.6%,.169,1.20,.250,80.6%,2.70,3.03,-0.33,4.64,13685
Rowan Wick,CHC,9.53,4.24,2.25,0.00,24.3%,10.8%,13.5%,.210,1.24,.289,66.7%,2.65,3.04,-0.39,4.56,14646
Matthew Boyd,DET,12.82,2.55,5.04,1.18,33.6%,6.7%,26.9%,.246,1.23,.346,66.8%,4.55,3.04,1.50,3.34,15440
Luke Bard,LAA,8.05,1.89,4.25,0.47,23.0%,5.4%,17.6%,.209,0.95,.260,69.9%,3.32,3.06,0.26,4.47,14288
Dan Winkler,ATL,9.88,2.63,3.75,0.66,28.3%,7.5%,20.8%,.167,0.88,.219,77.6%,2.63,3.07,-0.43,4.30,12237
Ken Giles,TOR,14.73,4.09,3.60,1.23,37.9%,10.5%,27.4%,.247,1.41,.391,85.8%,3.27,3.08,0.20,3.47,12910
Ty Buttrey,LAA,11.41,2.78,4.10,0.84,30.1%,7.4%,22.8%,.220,1.14,.304,75.4%,3.34,3.09,0.25,3.67,14719
Zack Littell,MIN,6.48,1.62,4.00,0.54,17.9%,4.5%,13.4%,.297,1.32,.353,68.0%,4.32,3.09,1.23,4.46,15823
Brandon Brennan,SEA,8.00,5.00,1.60,0.00,20.5%,12.8%,7.7%,.212,1.33,.269,58.3%,5.00,3.10,1.90,4.32,13527
Mike Soroka,ATL,7.11,2.10,3.39,0.46,20.4%,6.0%,14.4%,.205,0.96,.246,85.9%,1.55,3.11,-1.56,3.78,18383
Trevor May,MIN,10.97,3.38,3.25,0.84,31.5%,9.7%,21.8%,.135,0.84,.171,87.7%,1.41,3.12,-1.71,3.70,6398
Tony Sipp,WSN,6.55,3.27,2.00,0.00,18.2%,9.1%,9.1%,.167,0.91,.194,90.9%,0.82,3.12,-2.30,5.65,8280
Nick Wittgren,CLE,9.82,1.75,5.60,1.05,27.5%,4.9%,22.5%,.206,0.97,.258,91.3%,2.10,3.14,-1.03,3.79,15594
Seth Lugo,NYM,10.66,2.27,4.70,0.91,28.7%,6.1%,22.6%,.232,1.13,.310,63.7%,3.86,3.14,0.72,3.98,12447
Hector Neris,PHI,12.41,3.41,3.64,0.93,34.5%,9.5%,25.0%,.167,0.97,.233,85.3%,2.17,3.15,-0.97,3.38,11804
Shane Bieber,CLE,10.92,1.22,8.93,1.31,31.4%,3.5%,27.9%,.199,0.87,.252,77.5%,2.88,3.15,-0.26,3.30,19427
Walker Buehler,LAD,10.19,2.67,3.81,0.79,26.9%,7.0%,19.8%,.238,1.20,.308,65.2%,3.66,3.15,0.51,3.73,19374
Ryan Buchter,OAK,8.44,5.06,1.67,0.00,23.0%,13.8%,9.2%,.197,1.22,.259,92.6%,0.84,3.17,-2.32,5.03,9456
Justin Verlander,HOU,12.49,1.61,7.75,1.45,36.6%,4.7%,31.9%,.164,0.76,.208,84.6%,2.82,3.18,-0.36,3.17,8700
Luke Jackson,ATL,12.91,4.23,3.06,0.94,32.0%,10.5%,21.5%,.261,1.51,.383,76.8%,4.23,3.19,1.04,3.02,11752
Michael Lorenzen,CIN,8.80,2.80,3.14,0.60,24.3%,7.7%,16.6%,.198,1.02,.246,86.8%,1.60,3.19,-1.59,4.00,14843
Dustin May,LAD,7.91,1.86,4.25,0.47,21.3%,5.0%,16.3%,.219,1.03,.273,50.9%,4.66,3.21,1.44,3.88,19716
Ryan Yarbrough,TBR,7.29,0.96,7.56,0.86,21.3%,2.8%,18.5%,.196,0.82,.224,65.2%,3.21,3.23,-0.01,4.12,16502
Stephen Strasburg,WSN,10.18,2.79,3.65,0.83,27.6%,7.6%,20.0%,.215,1.11,.280,75.0%,3.39,3.23,0.16,3.45,10131
Carlos Carrasco,CLE,10.85,2.31,4.70,1.15,27.0%,5.7%,21.3%,.323,1.59,.420,63.6%,6.23,3.24,2.99,3.56,6632
Jose Leclerc,TEX,14.21,6.25,2.27,0.57,34.0%,15.0%,19.0%,.225,1.55,.357,77.2%,3.69,3.25,0.45,3.99,14524
Joe Biagini,- - -,8.01,2.97,2.70,0.59,21.4%,7.9%,13.5%,.241,1.25,.299,73.9%,2.97,3.28,-0.31,3.93,13194
Ryan Brasier,BOS,11.27,2.97,3.80,0.89,29.5%,7.8%,21.7%,.224,1.19,.307,66.1%,4.45,3.28,1.17,4.09,5615
Sergio Romo,- - -,7.80,0.90,8.67,0.90,22.4%,2.6%,19.8%,.182,0.77,.207,81.7%,1.50,3.28,-1.78,4.57,9817
Jake Odorizzi,MIN,9.04,3.25,2.78,0.60,24.6%,8.9%,15.7%,.223,1.17,.282,69.9%,3.62,3.28,0.34,4.54,6397
Jairo Diaz,COL,10.13,3.38,3.00,0.75,28.1%,9.4%,18.8%,.198,1.08,.263,66.1%,3.75,3.30,0.45,4.45,12774
Wander Suero,WSN,12.20,3.12,3.92,1.04,32.6%,8.3%,24.3%,.219,1.15,.308,56.1%,5.71,3.30,2.41,3.69,15855
Zac Gallen,- - -,11.01,3.41,3.23,0.79,27.6%,8.6%,19.1%,.244,1.34,.330,82.6%,2.88,3.30,-0.42,4.31,19291
Zac Grotz,SEA,8.18,4.91,1.67,0.00,22.2%,13.3%,8.9%,.184,1.18,.250,71.4%,3.27,3.30,-0.03,3.85,18256
Mark Melancon,- - -,8.04,2.59,3.11,0.57,20.7%,6.7%,14.1%,.252,1.28,.309,68.9%,4.31,3.31,1.00,3.81,4264
Joe Musgrove,PIT,8.12,2.30,3.52,0.66,21.6%,6.1%,15.5%,.252,1.22,.308,67.3%,3.73,3.31,0.42,4.37,12970
Trevor Gott,SFG,8.69,3.20,2.71,0.46,22.6%,8.3%,14.3%,.260,1.32,.327,63.9%,5.03,3.32,1.72,4.58,15046
Daniel Hudson,- - -,7.86,3.67,2.14,0.26,21.6%,10.1%,11.5%,.175,1.02,.220,90.2%,1.05,3.33,-2.28,5.39,7146
Brandon Woodruff,MIL,8.82,2.65,3.33,0.71,23.4%,7.0%,16.4%,.258,1.27,.324,68.9%,4.41,3.33,1.08,3.99,16162
John Gant,STL,7.29,4.05,1.80,0.27,20.6%,11.5%,9.2%,.207,1.17,.261,77.1%,2.70,3.33,-0.63,4.02,13684
Hyun Jin Ryu,LAD,6.95,0.91,7.67,0.91,19.2%,2.5%,16.7%,.253,1.07,.288,80.8%,2.72,3.35,-0.63,3.73,14444
John Brebbia,STL,11.16,3.38,3.31,1.04,30.1%,9.1%,21.0%,.200,1.13,.265,77.8%,3.38,3.36,0.02,4.61,12777
Kevin McCarthy,KCR,7.00,3.33,2.10,0.33,18.8%,8.9%,9.8%,.232,1.22,.278,82.8%,2.33,3.36,-1.03,4.43,15240
Scott Barlow,KCR,12.55,4.26,2.94,0.95,31.9%,10.8%,21.1%,.247,1.42,.360,79.4%,3.79,3.37,0.42,3.47,14993
Zack Greinke,- - -,8.41,1.68,5.00,0.96,24.4%,4.9%,19.5%,.211,0.93,.249,82.2%,2.64,3.37,-0.73,3.88,1943
Lance Lynn,TEX,11.79,2.73,4.31,1.20,31.1%,7.2%,23.9%,.248,1.25,.337,76.7%,3.84,3.38,0.47,3.65,2520
Tyler Duffey,MIN,11.57,1.48,7.80,1.48,30.5%,3.9%,26.6%,.230,1.09,.295,77.8%,2.67,3.38,-0.71,3.33,13758
Charlie Morton,TBR,9.66,2.99,3.23,0.80,25.7%,8.0%,17.8%,.238,1.23,.308,72.5%,3.59,3.38,0.21,3.70,4676
Brendan McKay,TBR,10.48,4.03,2.60,0.81,26.0%,10.0%,16.0%,.270,1.52,.355,67.3%,5.24,3.39,1.85,4.37,20186
Ronald Bolanos,SDP,8.18,2.45,3.33,0.82,22.2%,6.7%,15.6%,.214,1.09,.258,75.5%,3.27,3.40,-0.12,4.38,20041
Frankie Montas,OAK,9.17,2.00,4.58,1.00,24.8%,5.4%,19.4%,.227,1.09,.279,76.0%,2.33,3.40,-1.07,3.72,14309
Noe Ramirez,LAA,9.17,2.97,3.08,0.74,24.0%,7.8%,16.2%,.252,1.29,.320,78.1%,3.47,3.41,0.06,4.41,12800
Javy Guerra,- - -,6.53,2.37,2.75,0.59,18.2%,6.6%,11.6%,.223,1.09,.258,62.9%,4.15,3.41,0.74,5.18,7407
Sam Tuivailala,SEA,9.22,3.95,2.33,0.66,25.9%,11.1%,14.8%,.191,1.10,.242,73.5%,3.29,3.43,-0.14,5.39,13485
Reyes Moronta,SFG,11.48,5.40,2.13,0.68,29.3%,13.8%,15.5%,.232,1.46,.328,82.9%,2.70,3.44,-0.74,4.70,14966
Gio Gonzalez,MIL,7.09,3.74,1.89,0.39,18.5%,9.7%,8.7%,.264,1.42,.319,82.0%,2.76,3.45,-0.70,4.54,7448
Dinelson Lamet,SDP,14.59,3.65,4.00,1.46,38.5%,9.6%,28.8%,.196,1.14,.288,81.5%,2.92,3.46,-0.54,2.91,17186
Kolby Allard,TEX,7.81,3.90,2.00,0.33,19.7%,9.8%,9.8%,.234,1.34,.289,82.4%,2.60,3.47,-0.86,5.01,18694
Blake Snell,TBR,12.18,3.53,3.45,1.24,31.4%,9.1%,22.3%,.270,1.45,.379,63.9%,5.82,3.47,2.35,3.52,13543
Ian Kennedy,KCR,12.30,2.73,4.50,1.37,30.0%,6.7%,23.3%,.296,1.52,.394,76.3%,4.78,3.48,1.30,3.70,6986
Amir Garrett,CIN,12.99,6.15,2.11,0.68,32.5%,15.4%,17.1%,.224,1.52,.345,75.9%,3.76,3.48,0.28,3.47,14375
Jason Adam,TOR,9.00,2.45,3.67,0.82,25.6%,7.0%,18.6%,.211,1.00,.259,84.9%,1.64,3.49,-1.85,4.47,11861
David Hernandez,CIN,11.01,3.55,3.10,1.07,27.9%,9.0%,18.9%,.273,1.46,.358,64.0%,5.33,3.49,1.84,4.39,4259
David Phelps,- - -,9.42,4.40,2.14,0.63,24.6%,11.5%,13.1%,.226,1.33,.289,85.2%,1.88,3.49,-1.61,4.81,6316
Mike Dunn,COL,6.75,1.69,4.00,0.84,21.6%,5.4%,16.2%,.125,0.56,.115,65.2%,2.53,3.50,-0.96,4.33,9948
Shane Greene,- - -,8.46,1.95,4.33,0.98,24.5%,5.7%,18.9%,.202,0.94,.243,100.0%,0.98,3.50,-2.53,3.89,10756
Carlos Martinez,STL,11.03,4.18,2.64,0.76,28.2%,10.7%,17.5%,.261,1.44,.356,69.3%,4.56,3.51,1.05,3.76,11682
Mychal Givens,BAL,14.61,3.49,4.18,1.59,40.0%,9.6%,30.4%,.186,1.06,.269,91.7%,2.86,3.53,-0.67,2.92,10430
Brad Hand,CLE,10.80,4.32,2.50,0.72,26.8%,10.7%,16.1%,.247,1.44,.333,82.4%,3.24,3.53,-0.29,5.12,9111
Mitch Keller,PIT,12.00,3.00,4.00,1.29,25.5%,6.4%,19.1%,.416,2.33,.549,50.2%,11.14,3.55,7.60,3.40,17594
Pedro Strop,CHC,10.00,4.00,2.50,0.50,25.6%,10.3%,15.4%,.242,1.33,.326,70.3%,4.00,3.55,0.45,4.48,4070
Tim Melville,COL,7.13,3.06,2.33,0.51,20.0%,8.6%,11.4%,.177,0.96,.208,84.3%,2.04,3.55,-1.52,4.84,9149
Diego Castillo,TBR,10.99,5.34,2.06,0.63,26.7%,13.0%,13.7%,.257,1.60,.355,67.9%,3.45,3.56,-0.11,3.97,17496
Phil Maton,- - -,9.55,2.08,4.60,1.25,25.0%,5.4%,19.6%,.241,1.20,.295,50.5%,5.82,3.58,2.23,3.07,18064
Tim Hill,KCR,10.80,2.49,4.33,1.25,29.5%,6.8%,22.7%,.200,1.02,.250,69.1%,3.74,3.58,0.16,3.07,16814
Jake Diekman,- - -,12.27,6.44,1.90,0.31,30.3%,15.9%,14.4%,.212,1.47,.323,68.7%,4.60,3.59,1.01,4.03,5003
David Hale,NYY,4.42,1.96,2.25,0.49,11.4%,5.1%,6.3%,.284,1.36,.308,72.0%,3.93,3.60,0.33,4.62,9756
Clayton Kershaw,LAD,9.40,2.26,4.16,1.19,26.3%,6.3%,20.0%,.195,0.96,.229,76.3%,3.21,3.60,-0.39,3.40,2036
Corey Kluber,CLE,9.24,3.55,2.60,0.71,22.0%,8.5%,13.6%,.295,1.62,.372,67.2%,5.33,3.61,1.72,4.94,2429
Matt Strahm,SDP,10.30,2.03,5.08,1.25,26.8%,5.3%,21.5%,.256,1.23,.323,79.9%,3.59,3.61,-0.02,4.12,13799
Rogelio Armenteros,HOU,8.10,2.70,3.00,0.90,20.0%,6.7%,13.3%,.310,1.60,.375,54.8%,6.30,3.61,2.69,4.50,17679
Ryne Harper,MIN,9.27,0.40,23.00,1.61,26.1%,1.1%,25.0%,.244,0.99,.283,67.1%,4.03,3.62,0.41,3.69,12680
Zack Wheeler,NYM,8.47,2.33,3.64,1.02,21.4%,5.9%,15.5%,.279,1.39,.329,71.1%,4.00,3.62,0.39,4.13,10310
Joe Kelly,LAD,11.67,4.00,2.92,1.00,28.2%,9.7%,18.5%,.264,1.52,.361,56.7%,5.67,3.62,2.05,3.13,9761
Jeremy Jeffress,MIL,7.85,3.14,2.50,0.63,19.2%,7.7%,11.5%,.293,1.53,.352,62.5%,5.65,3.63,2.02,4.60,9490
Wei-Chung Wang,- - -,7.53,5.65,1.33,0.00,18.2%,13.6%,4.5%,.273,1.67,.341,76.0%,3.77,3.63,0.13,6.41,14382
Emilio Pagan,TBR,12.03,2.93,4.10,1.47,33.9%,8.3%,25.6%,.180,0.98,.231,100.0%,1.76,3.64,-1.88,3.59,14771
Tyler Alexander,DET,9.67,1.33,7.25,1.33,24.4%,3.4%,21.0%,.304,1.41,.375,78.5%,4.33,3.66,0.67,3.65,17735
Sonny Gray,CIN,10.14,4.22,2.40,0.80,27.7%,11.5%,16.2%,.182,1.10,.234,80.6%,2.71,3.66,-0.95,3.92,12768
Chris Stratton,- - -,9.09,3.86,2.36,0.83,22.0%,9.3%,12.7%,.309,1.71,.390,75.3%,4.68,3.67,1.01,4.37,13761
Jack Flaherty,STL,10.51,3.23,3.26,1.11,28.4%,8.7%,19.7%,.214,1.15,.274,81.7%,3.13,3.67,-0.54,3.99,17479
Will Harris,HOU,10.01,1.52,6.60,1.52,30.3%,4.6%,25.7%,.212,0.91,.258,95.0%,1.82,3.69,-1.87,3.04,3192
Trevor Bauer,- - -,9.99,3.51,2.84,0.96,25.9%,9.1%,16.8%,.242,1.30,.307,66.8%,4.31,3.71,0.60,4.50,12703
Matt Barnes,BOS,14.50,5.50,2.64,1.25,38.2%,14.5%,23.7%,.180,1.25,.273,84.6%,3.25,3.71,-0.46,3.23,12863
Pedro Baez,LAD,8.73,3.27,2.67,0.82,23.9%,9.0%,14.9%,.167,0.97,.200,57.0%,4.36,3.73,0.63,5.20,5420
Michael Pineda,MIN,8.96,1.72,5.21,1.23,23.8%,4.6%,19.2%,.263,1.21,.316,74.7%,4.05,3.73,0.32,4.32,5372
Carlos Estevez,COL,9.70,2.36,4.11,1.31,25.7%,6.3%,19.4%,.224,1.14,.269,84.4%,2.62,3.74,-1.12,4.45,14542
Andrew Chafin,ARI,11.81,4.39,2.69,1.01,29.4%,10.9%,18.5%,.265,1.50,.364,82.0%,3.71,3.74,-0.03,3.77,12988
Yu Darvish,CHC,11.57,2.70,4.29,1.35,32.0%,7.5%,24.5%,.196,1.01,.254,85.0%,3.09,3.75,-0.66,3.40,13074
Ryan Weber,BOS,6.92,1.04,6.67,1.04,18.3%,2.8%,15.6%,.243,1.08,.272,69.8%,3.81,3.75,0.06,4.24,10160
Carson Fulmer,CHW,8.31,2.08,4.00,0.69,23.1%,5.8%,17.3%,.136,0.69,.152,66.0%,2.77,3.75,-0.98,4.59,18311
Andrew Heaney,LAA,11.27,2.76,4.08,1.28,29.6%,7.3%,22.3%,.213,1.11,.272,65.7%,4.89,3.76,1.13,4.45,15423
Tyler Webb,STL,8.42,3.19,2.64,0.87,24.0%,9.1%,14.9%,.150,0.87,.169,75.6%,2.90,3.76,-0.86,4.62,14974
Richard Bleier,BAL,4.45,1.59,2.80,0.64,10.9%,3.9%,7.0%,.331,1.59,.355,53.2%,6.99,3.78,3.21,4.27,7803
Oliver Perez,CLE,9.47,1.42,6.67,1.42,27.0%,4.1%,23.0%,.217,0.95,.255,81.1%,3.32,3.79,-0.48,3.52,1514
Raisel Iglesias,CIN,13.22,1.93,6.86,1.93,34.5%,5.0%,29.5%,.279,1.32,.382,67.3%,5.79,3.80,1.99,3.38,17130
Marcus Walden,BOS,8.39,3.41,2.46,0.79,21.8%,8.8%,12.9%,.223,1.22,.268,72.9%,3.41,3.80,-0.39,4.17,8004
Taylor Cole,LAA,9.12,5.96,1.53,0.35,21.3%,13.9%,7.4%,.291,1.83,.377,55.8%,7.71,3.80,3.92,4.53,11964
Josh Hader,MIL,14.13,3.03,4.67,1.77,39.4%,8.5%,31.0%,.188,1.01,.262,92.2%,3.03,3.80,-0.77,3.48,14212
Matt Andriese,ARI,10.26,4.32,2.38,0.81,25.3%,10.7%,14.7%,.250,1.44,.322,74.8%,4.32,3.81,0.51,4.08,12022
Andrew Cashner,- - -,7.67,2.89,2.65,0.89,21.0%,7.9%,13.1%,.211,1.10,.246,68.9%,3.67,3.83,-0.16,4.59,8782
Craig Stammen,SDP,8.69,2.11,4.11,1.17,23.0%,5.6%,17.4%,.255,1.23,.306,78.6%,3.05,3.84,-0.79,4.06,7274
Freddy Peralta,MIL,12.44,3.05,4.08,1.64,29.9%,7.3%,22.6%,.296,1.59,.394,56.6%,7.04,3.84,3.20,4.16,18679
Jandel Gustave,SFG,3.55,4.26,0.83,0.00,10.0%,12.0%,-2.0%,.190,1.11,.205,71.4%,1.42,3.85,-2.42,5.57,14665
Collin McHugh,HOU,9.08,2.02,4.50,1.26,24.3%,5.4%,18.9%,.237,1.12,.278,51.4%,5.55,3.86,1.69,4.32,7531
Trey Wingenter,SDP,12.99,4.78,2.71,1.03,34.9%,12.8%,22.0%,.157,1.06,.220,82.7%,3.08,3.86,-0.78,4.19,17793
Tony Gonsolin,LAD,8.22,1.96,4.20,1.17,21.9%,5.2%,16.7%,.213,1.04,.242,67.3%,3.52,3.87,-0.34,4.16,19388
Tommy Milone,SEA,7.99,1.60,5.00,1.24,22.6%,4.5%,18.1%,.211,0.95,.235,67.2%,3.91,3.89,0.02,4.64,7608
Tyler Chatwood,CHC,8.91,4.86,1.83,0.54,23.1%,12.6%,10.5%,.208,1.29,.264,78.7%,3.24,3.90,-0.66,3.84,4338
Tony Watson,SFG,8.70,2.10,4.14,1.20,23.4%,5.6%,17.7%,.254,1.20,.305,86.4%,3.00,3.91,-0.91,4.10,3132
Josh Taylor,BOS,11.91,3.18,3.75,1.59,31.6%,8.4%,23.2%,.253,1.32,.340,94.3%,2.78,3.92,-1.14,3.73,17359
Joe Ross,WSN,7.56,4.32,1.75,0.54,19.6%,11.2%,8.4%,.234,1.35,.284,74.7%,3.51,3.93,-0.42,5.12,12972
Matt Magill,- - -,11.45,3.68,3.11,1.23,25.9%,8.3%,17.6%,.292,1.68,.379,57.5%,6.95,3.94,3.01,4.43,3950
Austin Brice,MIA,11.45,3.27,3.50,1.23,27.7%,7.9%,19.8%,.244,1.36,.322,79.9%,3.27,3.94,-0.67,4.16,17237
Jordan Yamamoto,MIA,11.34,3.63,3.13,1.36,32.7%,10.5%,22.2%,.147,0.91,.175,83.9%,2.95,3.95,-1.00,3.93,17585
Justin Wilson,NYM,8.31,3.74,2.22,0.83,22.2%,10.0%,12.2%,.238,1.29,.293,87.8%,2.49,3.95,-1.46,4.04,4301
Luis Perdomo,SDP,7.62,2.31,3.30,1.15,20.1%,6.1%,14.0%,.255,1.26,.293,64.3%,4.85,3.96,0.89,4.08,14682
Jace Fry,CHW,11.89,7.07,1.68,0.64,28.9%,17.2%,11.7%,.223,1.61,.318,69.4%,4.50,3.96,0.54,4.46,16159
Roenis Elias,- - -,9.00,3.38,2.67,1.13,23.5%,8.8%,14.7%,.207,1.17,.242,67.2%,3.75,3.96,-0.21,4.33,12673
Jose Quintana,CHC,8.78,2.30,3.81,1.32,22.0%,5.8%,16.3%,.284,1.41,.333,67.9%,4.50,3.97,0.53,4.13,11423
Zach Davies,MIL,5.78,2.73,2.12,0.74,15.2%,7.2%,8.0%,.264,1.31,.292,80.6%,2.94,3.97,-1.03,4.95,13183
Jose Urquidy,HOU,5.95,2.29,2.60,0.92,15.5%,6.0%,9.5%,.273,1.32,.297,73.3%,4.12,3.98,0.14,4.88,18413
Kenley Jansen,LAD,11.20,1.98,5.67,1.65,30.4%,5.4%,25.0%,.212,1.02,.262,73.9%,4.28,3.98,0.30,3.93,3096
Ryan Helsley,STL,7.52,3.54,2.13,0.89,21.0%,9.9%,11.1%,.211,1.13,.241,94.1%,1.77,4.00,-2.23,4.97,18138
Elvis Luciano,TOR,7.20,7.20,1.00,0.00,17.6%,17.6%,0.0%,.236,1.67,.295,68.0%,4.80,4.01,0.79,6.00,20632
Nick Kingham,- - -,7.27,2.77,2.63,1.04,17.5%,6.7%,10.8%,.349,1.77,.398,64.6%,6.58,4.02,2.56,4.51,11694
Daniel Ponce de Leon,STL,11.57,6.43,1.80,0.86,31.4%,17.4%,14.0%,.183,1.33,.262,87.3%,2.57,4.02,-1.45,4.59,16110
Austin Pruitt,TBR,6.17,1.54,4.00,1.16,17.8%,4.4%,13.3%,.250,1.07,.269,67.3%,4.24,4.03,0.21,4.06,15290
Jose Berrios,MIN,9.17,2.62,3.50,1.31,24.1%,6.9%,17.2%,.241,1.22,.286,70.4%,3.84,4.03,-0.18,4.30,14168
Chris Sale,BOS,12.04,1.99,6.06,1.75,32.0%,5.3%,26.7%,.231,1.10,.296,69.4%,4.56,4.05,0.51,3.24,10603
Matt Albers,MIL,7.04,4.40,1.60,0.59,18.8%,11.7%,7.0%,.220,1.27,.256,72.6%,3.82,4.06,-0.25,4.90,4300
Jonathan Holder,NYY,10.29,3.00,3.43,1.29,25.5%,7.4%,18.1%,.259,1.38,.328,48.5%,6.86,4.07,2.79,4.39,16588
Cory Gearrin,- - -,8.04,4.18,1.92,0.64,19.4%,10.1%,9.3%,.286,1.61,.349,75.2%,4.50,4.07,0.43,4.85,7947
Rich Hill,LAD,12.49,4.05,3.08,1.35,32.7%,10.6%,22.1%,.227,1.28,.316,95.5%,2.36,4.08,-1.71,3.25,4806
Dylan Floro,LAD,7.04,3.13,2.25,0.78,17.6%,7.8%,9.8%,.289,1.48,.333,60.2%,6.26,4.08,2.18,4.60,13394
Tommy Kahnle,NYY,12.19,2.90,4.20,1.74,33.9%,8.1%,25.8%,.205,1.06,.262,66.4%,4.94,4.08,0.85,2.79,11384
Aaron Civale,CLE,6.82,2.18,3.13,1.09,18.8%,6.0%,12.8%,.230,1.09,.253,76.4%,3.27,4.09,-0.82,4.81,19479
Brad Peacock,HOU,8.84,3.26,2.71,1.16,24.1%,8.9%,15.2%,.213,1.14,.250,68.4%,4.19,4.09,0.10,4.62,5401
Kyle Ryan,CHC,8.80,4.70,1.88,0.88,22.4%,11.9%,10.4%,.256,1.50,.318,69.4%,4.70,4.09,0.60,4.38,11753
German Marquez,COL,8.14,1.52,5.35,1.43,23.3%,4.3%,18.9%,.212,0.94,.236,71.8%,3.67,4.10,-0.43,3.71,15038
James Paxton,NYY,11.02,2.97,3.71,1.61,28.4%,7.7%,20.8%,.274,1.40,.349,79.0%,4.33,4.12,0.21,4.04,11828
David Price,BOS,9.73,2.74,3.55,1.51,25.4%,7.2%,18.3%,.264,1.34,.322,70.2%,4.80,4.14,0.65,4.15,3184
Hector Rondon,HOU,7.36,2.45,3.00,1.09,20.5%,6.8%,13.6%,.225,1.09,.256,77.2%,3.55,4.15,-0.61,4.39,2391
Tanner Rainey,WSN,13.89,9.64,1.44,0.39,33.3%,23.1%,10.2%,.185,1.71,.318,76.4%,4.24,4.16,0.09,4.88,17610
Tyler Mahle,CIN,8.29,1.23,6.73,1.57,21.9%,3.3%,18.6%,.273,1.23,.314,64.3%,4.82,4.16,0.66,3.58,16358
Alex Colome,CHW,6.59,2.96,2.22,0.99,17.9%,8.0%,9.8%,.240,1.21,.263,62.5%,4.28,4.17,0.12,5.14,6661
Francisco Liriano,PIT,7.84,4.06,1.93,0.87,21.3%,11.0%,10.2%,.191,1.13,.220,78.6%,2.61,4.18,-1.57,4.85,3201
Michel Baez,SDP,9.98,5.28,1.89,0.59,25.0%,13.2%,11.8%,.204,1.30,.263,88.0%,2.35,4.19,-1.84,4.90,20100
Daniel Norris,DET,7.90,2.57,3.08,1.23,20.8%,6.7%,14.0%,.280,1.36,.323,72.2%,4.41,4.19,0.22,4.57,13475
Kenta Maeda,LAD,9.73,4.35,2.24,1.15,25.0%,11.2%,13.8%,.227,1.34,.277,65.5%,5.12,4.21,0.91,4.55,18498
Brad Boxberger,KCR,10.64,6.55,1.63,0.82,27.7%,17.0%,10.6%,.205,1.45,.280,75.3%,4.09,4.21,-0.12,4.84,10133
Brett Anderson,OAK,4.93,1.89,2.60,0.95,13.3%,5.1%,8.2%,.243,1.15,.257,78.6%,3.22,4.21,-0.99,4.42,8223
Adrian Houser,MIL,8.71,2.86,3.05,1.29,22.9%,7.5%,15.4%,.265,1.32,.312,74.9%,4.14,4.23,-0.09,3.83,12718
Robbie Ray,ARI,11.74,4.50,2.61,1.41,30.4%,11.6%,18.7%,.232,1.35,.302,70.8%,4.50,4.23,0.27,3.95,11486
Cal Quantrill,SDP,8.39,2.25,3.73,1.43,21.6%,5.8%,15.8%,.261,1.30,.300,60.2%,5.52,4.24,1.29,4.52,19312
Asher Wojciechowski,BAL,7.95,2.30,3.45,1.26,21.0%,6.1%,14.9%,.241,1.19,.276,70.2%,4.60,4.24,0.37,5.34,10836
Jalen Beeks,TBR,8.23,3.79,2.17,0.99,20.4%,9.4%,11.0%,.278,1.52,.331,77.3%,3.95,4.24,-0.29,4.81,17192
Matt Wisler,- - -,11.52,3.62,3.18,1.65,28.0%,8.8%,19.2%,.292,1.61,.378,67.6%,5.60,4.24,1.36,3.97,12804
Mike Wright Jr.,- - -,10.13,3.38,3.00,1.35,23.4%,7.8%,15.6%,.316,1.73,.390,56.6%,6.08,4.26,1.81,4.40,12586
Chris Devenski,HOU,9.00,3.55,2.53,1.18,22.9%,9.0%,13.9%,.247,1.34,.292,73.9%,4.03,4.27,-0.24,5.07,12763
Anthony DeSclafani,CIN,8.64,2.24,3.86,1.49,23.1%,6.0%,17.1%,.248,1.20,.284,74.3%,4.27,4.27,0.00,4.16,13050
Buck Farmer,DET,7.71,3.03,2.55,1.10,21.2%,8.3%,12.9%,.204,1.04,.218,75.7%,3.03,4.29,-1.25,4.64,14814
Jeffrey Springs,TEX,9.64,9.64,1.00,0.00,19.5%,19.5%,0.0%,.367,2.64,.468,64.9%,8.36,4.29,4.07,7.41,17677
A.J. Minter,ATL,11.08,6.92,1.60,0.69,25.0%,15.6%,9.4%,.269,1.85,.361,67.8%,6.23,4.29,1.94,4.97,18655
Eduardo Rodriguez,BOS,9.24,3.48,2.66,1.28,23.6%,8.9%,14.7%,.284,1.49,.351,75.3%,4.58,4.29,0.28,4.06,13164
Matt Harvey,LAA,6.33,3.80,1.67,0.84,16.9%,10.1%,6.7%,.205,1.17,.222,67.6%,3.80,4.29,-0.50,4.75,11713
Rick Porcello,BOS,9.22,1.69,5.46,1.69,23.4%,4.3%,19.1%,.297,1.41,.353,67.6%,5.19,4.30,0.90,4.21,2717
Patrick Corbin,WSN,10.48,3.71,2.83,1.48,26.7%,9.4%,17.2%,.253,1.39,.311,73.1%,4.18,4.30,-0.12,4.04,9323
Adam Ottavino,NYY,9.74,6.12,1.59,0.84,24.8%,15.6%,9.2%,.209,1.42,.259,81.3%,2.78,4.30,-1.51,5.06,1247
Dylan Cease,CHW,10.94,3.26,3.36,1.63,28.3%,8.4%,19.9%,.245,1.32,.309,68.7%,4.89,4.30,0.59,3.59,18525
Adam Kolarek,- - -,7.57,2.30,3.29,1.32,20.7%,6.3%,14.4%,.194,0.99,.211,75.9%,3.29,4.31,-1.02,3.65,10843
Cam Bedrosian,LAA,8.55,2.67,3.20,1.34,23.2%,7.2%,15.9%,.216,1.10,.247,68.8%,3.74,4.31,-0.57,4.15,13360
Branden Kline,BAL,9.00,5.40,1.67,0.90,22.5%,13.5%,9.0%,.240,1.50,.291,69.9%,4.95,4.31,0.64,4.41,14101
Cole Hamels,CHC,9.00,3.80,2.37,1.13,21.3%,9.0%,12.3%,.295,1.63,.350,70.6%,5.06,4.34,0.72,4.58,4972
Max Fried,ATL,9.72,3.43,2.83,1.49,24.6%,8.7%,15.9%,.288,1.53,.353,70.7%,4.92,4.35,0.57,3.54,13743
Spencer Turnbull,DET,7.88,3.75,2.10,0.78,20.1%,9.5%,10.5%,.248,1.35,.301,71.7%,4.26,4.35,-0.08,4.86,16207
Montana DuRapau,PIT,11.12,3.97,2.80,1.59,25.9%,9.3%,16.7%,.327,1.85,.424,49.5%,7.15,4.36,2.79,3.65,16768
Joe Smith,HOU,6.92,2.08,3.33,1.38,18.9%,5.7%,13.2%,.240,1.15,.263,82.0%,2.77,4.37,-1.60,4.51,3281
Jefry Rodriguez,CLE,6.26,4.30,1.45,0.78,16.2%,11.1%,5.1%,.276,1.52,.314,65.2%,5.09,4.39,0.70,5.16,17018
Kyle Gibson,MIN,10.08,2.86,3.52,1.62,24.5%,6.9%,17.5%,.303,1.59,.374,74.1%,4.35,4.39,-0.03,3.62,10123
Miguel Castro,BAL,9.53,5.29,1.80,1.06,25.5%,14.2%,11.3%,.193,1.26,.235,82.9%,2.91,4.39,-1.48,4.32,15684
Wandy Peralta,- - -,7.94,3.18,2.50,1.06,21.1%,8.5%,12.7%,.226,1.18,.261,83.3%,3.18,4.39,-1.21,4.27,14295
Zack Britton,NYY,7.07,5.14,1.38,0.64,18.3%,13.3%,5.0%,.235,1.43,.278,83.8%,2.89,4.39,-1.50,3.96,3240
Will Smith,SFG,13.65,2.12,6.43,2.43,39.1%,6.1%,33.0%,.185,0.91,.218,100.0%,3.34,4.39,-1.06,2.56,8048
Trevor Richards,- - -,10.28,4.18,2.46,1.39,26.9%,11.0%,16.0%,.243,1.35,.299,78.6%,4.01,4.39,-0.39,4.54,19309
Tyler Olson,CLE,7.82,4.97,1.57,0.71,18.3%,11.7%,6.7%,.288,1.74,.350,78.7%,4.26,4.40,-0.14,6.04,14741
Yoshihisa Hirano,ARI,9.59,4.26,2.25,1.07,22.3%,9.9%,12.4%,.288,1.66,.355,61.3%,6.04,4.40,1.64,4.74,19756
Yusmeiro Petit,OAK,6.00,1.07,5.60,1.50,17.8%,3.2%,14.6%,.188,0.79,.179,86.2%,2.79,4.40,-1.62,5.17,4020
T.J. McFarland,ARI,4.23,3.58,1.18,0.65,10.7%,9.1%,1.7%,.296,1.55,.316,74.6%,3.58,4.41,-0.83,5.19,3237
Jordan Zimmermann,DET,6.50,1.50,4.33,1.33,17.2%,4.0%,13.2%,.256,1.17,.275,57.3%,5.83,4.42,1.42,5.14,4505
Jon Gray,COL,9.52,3.86,2.47,1.33,24.5%,9.9%,14.6%,.258,1.42,.318,73.7%,4.22,4.42,-0.20,4.05,14916
Steve Cishek,CHC,6.83,5.59,1.22,0.31,18.0%,14.8%,3.3%,.220,1.38,.273,79.8%,3.10,4.42,-1.32,5.14,6483
Kyle Hendricks,CHC,7.26,2.03,3.58,1.39,18.1%,5.1%,13.1%,.290,1.41,.321,64.9%,5.02,4.42,0.59,4.90,12049
Travis Lakins Sr.,BOS,5.06,3.38,1.50,0.84,12.0%,8.0%,4.0%,.311,1.69,.333,66.3%,5.91,4.43,1.47,5.08,18600
Luis Castillo,CIN,12.18,5.40,2.26,1.38,30.7%,13.6%,17.1%,.222,1.43,.299,80.5%,3.88,4.44,-0.57,3.91,15689
Adalberto Mejia,- - -,7.41,6.35,1.17,0.53,16.7%,14.3%,2.4%,.324,2.06,.386,68.5%,5.82,4.45,1.37,6.73,13188
Oliver Drake,TBR,12.15,3.04,4.00,2.03,33.0%,8.3%,24.8%,.220,1.16,.276,84.1%,4.05,4.45,-0.40,3.47,8823
Alex Young,ARI,7.82,2.61,3.00,1.42,21.2%,7.1%,14.1%,.210,1.08,.229,77.4%,2.37,4.48,-2.11,4.31,18333
Mike Morin,- - -,4.55,1.63,2.80,0.98,12.2%,4.3%,7.8%,.236,1.08,.244,62.5%,4.88,4.48,0.40,5.44,13442
Anibal Sanchez,WSN,7.07,3.27,2.16,1.16,18.4%,8.5%,9.9%,.224,1.23,.248,75.3%,3.48,4.48,-1.00,5.48,3284
Evan Phillips,BAL,13.80,6.60,2.09,1.20,31.5%,15.1%,16.4%,.263,1.73,.371,63.5%,7.20,4.48,2.72,5.00,17734
Heath Hembree,BOS,9.82,3.27,3.00,1.64,26.7%,8.9%,17.8%,.171,1.00,.185,91.5%,2.45,4.49,-2.03,5.56,11632
Brad Keller,KCR,6.27,4.00,1.57,0.82,16.0%,10.2%,5.8%,.269,1.46,.304,75.7%,4.18,4.49,-0.30,5.15,15734
Sam Gaviglio,TOR,7.50,2.14,3.50,1.50,20.1%,5.7%,14.4%,.250,1.19,.273,60.7%,5.14,4.50,0.64,4.42,12778
Madison Bumgarner,SFG,8.79,2.33,3.77,1.59,22.3%,5.9%,16.4%,.286,1.41,.335,66.3%,5.29,4.51,0.79,4.91,5524
Wade Miley,HOU,6.87,3.48,1.97,1.06,17.3%,8.8%,8.5%,.253,1.38,.281,71.2%,3.87,4.52,-0.64,4.92,8779
Yonny Chirinos,TBR,7.63,2.12,3.60,1.55,20.5%,5.7%,14.8%,.243,1.18,.268,66.0%,4.66,4.52,0.15,4.21,16401
Erick Fedde,WSN,4.34,2.17,2.00,0.93,12.2%,6.1%,6.1%,.257,1.17,.270,91.2%,2.17,4.52,-2.35,4.76,17425
Mike Minor,TEX,8.03,2.68,3.00,1.50,22.3%,7.4%,14.8%,.224,1.11,.246,87.9%,2.99,4.53,-1.54,4.72,10021
Michael Feliz,PIT,12.27,4.21,2.92,1.75,31.5%,10.8%,20.7%,.237,1.36,.310,82.8%,3.51,4.54,-1.03,4.18,11903
Joakim Soria,OAK,8.48,2.51,3.38,1.57,22.7%,6.7%,16.0%,.239,1.19,.269,64.3%,5.34,4.54,0.80,4.28,6941
Jon Lester,CHC,8.13,3.44,2.36,1.36,20.7%,8.8%,12.0%,.268,1.44,.311,72.1%,4.69,4.55,0.15,4.75,4930
Chris Archer,PIT,12.49,4.06,3.08,1.87,31.7%,10.3%,21.4%,.258,1.44,.338,58.0%,6.55,4.55,2.01,4.02,6345
Mike Foltynewicz,ATL,8.27,2.47,3.35,1.60,22.3%,6.6%,15.6%,.243,1.19,.271,70.5%,4.50,4.55,-0.05,4.43,10811
Eric Lauer,SDP,9.42,3.31,2.85,1.53,23.3%,8.2%,15.1%,.277,1.49,.332,61.4%,5.99,4.56,1.43,4.55,19316
Josh Osich,CHW,9.37,1.93,4.86,1.93,25.6%,5.3%,20.3%,.232,1.10,.259,57.3%,4.96,4.56,0.40,3.85,11528
Brian Flynn,KCR,5.73,5.73,1.00,0.41,14.0%,14.0%,0.0%,.284,1.68,.314,79.2%,3.27,4.58,-1.30,6.34,12027
Nick Vincent,- - -,9.61,4.12,2.33,1.37,23.9%,10.2%,13.6%,.250,1.42,.296,76.6%,4.12,4.59,-0.47,4.02,7555
Tyler Skaggs,LAA,8.50,2.27,3.75,1.70,22.7%,6.1%,16.7%,.255,1.24,.290,71.7%,4.72,4.60,0.12,4.27,10190
Tyler Kinley,MIA,8.06,5.64,1.43,0.81,20.6%,14.4%,6.2%,.232,1.48,.283,89.7%,2.42,4.60,-2.18,5.58,18297
Ryne Stanek,- - -,10.98,4.58,2.40,1.60,28.2%,11.8%,16.5%,.216,1.32,.263,66.4%,4.58,4.61,-0.04,4.47,15947
Trent Thornton,TOR,7.70,3.59,2.14,1.23,19.2%,9.0%,10.3%,.269,1.46,.307,71.2%,4.83,4.62,0.21,5.42,17948
Felix Pena,LAA,9.15,3.12,2.93,1.56,24.6%,8.4%,16.2%,.207,1.12,.233,69.9%,4.24,4.63,-0.39,4.44,13403
Shawn Armstrong,- - -,9.62,4.66,2.07,1.24,21.5%,10.4%,11.1%,.320,1.90,.391,68.1%,6.52,4.63,1.89,5.37,12857
Jared Hughes,- - -,6.05,3.03,2.00,1.16,17.1%,8.6%,8.6%,.206,1.06,.215,82.9%,3.03,4.64,-1.61,4.14,9325
Jameson Taillon,PIT,7.52,3.10,2.43,1.33,18.5%,7.6%,10.9%,.250,1.38,.281,48.4%,4.43,4.64,-0.21,4.39,11674
Matt Bowman,CIN,4.50,4.50,1.00,0.64,12.3%,12.3%,0.0%,.140,1.00,.143,79.4%,2.57,4.64,-2.07,5.70,13528
Jonathan Loaisiga,NYY,9.64,5.14,1.88,1.29,24.6%,13.1%,11.5%,.275,1.57,.333,88.5%,3.21,4.64,-1.43,4.77,19753
Chris Paddack,SDP,9.68,2.39,4.05,1.82,26.2%,6.5%,19.7%,.217,1.08,.241,79.6%,3.53,4.64,-1.11,4.28,20099
Jarlin Garcia,MIA,6.00,3.67,1.64,1.00,14.9%,9.1%,5.8%,.262,1.44,.284,75.4%,4.33,4.66,-0.33,5.50,18282
Walker Lockett,NYM,5.93,1.98,3.00,1.32,15.0%,5.0%,10.0%,.291,1.39,.311,52.3%,7.24,4.68,2.57,4.81,13804
Robert Gsellman,NYM,8.47,3.43,2.47,1.37,22.8%,9.3%,13.6%,.201,1.12,.228,95.9%,2.29,4.69,-2.40,4.68,13696
Jose Urena,MIA,6.09,3.25,1.88,1.22,16.8%,8.9%,7.8%,.247,1.26,.268,73.5%,3.86,4.70,-0.85,4.38,11589
Jose Alvarez,PHI,8.40,3.30,2.55,1.50,21.5%,8.5%,13.1%,.267,1.40,.306,77.8%,3.90,4.71,-0.81,4.34,5358
Ryan Burr,CHW,7.82,3.55,2.20,1.42,20.0%,9.1%,10.9%,.234,1.26,.243,53.0%,5.68,4.71,0.97,4.70,17536
Andrew Kittredge,TBR,10.22,1.82,5.60,2.19,25.0%,4.5%,20.5%,.318,1.58,.384,75.2%,5.47,4.71,0.76,3.08,12828
Colten Brewer,BOS,8.87,4.63,1.92,1.16,20.7%,10.8%,9.9%,.284,1.67,.338,84.2%,3.86,4.71,-0.86,4.58,12997
Tyler Clippard,CLE,8.20,2.73,3.00,1.37,23.3%,7.8%,15.5%,.157,0.84,.159,88.2%,2.73,4.73,-2.00,5.55,5640
Yimi Garcia,LAD,10.19,1.65,6.17,1.93,28.7%,4.7%,24.0%,.162,0.77,.162,84.2%,3.03,4.74,-1.71,4.70,12095
Jose Cisnero,DET,9.42,6.91,1.36,0.63,21.4%,15.7%,5.7%,.241,1.67,.293,69.1%,5.02,4.75,0.27,5.78,6399
Andrew Miller,STL,11.20,3.29,3.40,1.65,29.1%,8.5%,20.5%,.245,1.28,.317,75.8%,4.28,4.75,-0.47,4.48,6785
Danny Duffy,KCR,9.28,3.38,2.75,1.52,24.2%,8.8%,15.4%,.238,1.28,.283,76.2%,4.39,4.75,-0.36,4.91,3542
Gregory Soto,DET,7.94,4.76,1.67,1.19,18.5%,11.1%,7.4%,.330,1.90,.384,72.2%,5.96,4.76,1.20,4.97,19677
Adam Wainwright,STL,8.10,3.87,2.09,1.29,20.0%,9.6%,10.4%,.299,1.59,.344,65.4%,6.22,4.77,1.46,4.67,2233
Tim Mayza,TOR,10.36,4.81,2.15,1.48,25.5%,11.8%,13.6%,.234,1.44,.281,65.8%,5.55,4.78,0.77,3.86,15042
Jacob Waguespack,TOR,7.58,3.11,2.44,1.36,20.1%,8.2%,11.9%,.218,1.17,.242,70.5%,4.08,4.79,-0.71,5.06,18318
Kevin Gausman,- - -,9.64,2.70,3.57,1.74,23.0%,6.5%,16.6%,.313,1.59,.367,63.3%,6.36,4.80,1.56,4.51,14107
Jeff Samardzija,SFG,6.90,2.53,2.73,1.55,19.2%,7.0%,12.2%,.215,1.07,.224,81.2%,3.50,4.80,-1.30,4.87,3254
Aaron Nola,PHI,9.53,3.49,2.73,1.59,24.7%,9.1%,15.7%,.252,1.34,.301,70.0%,5.19,4.80,0.39,4.03,16149
Geoff Hartlieb,PIT,9.82,2.45,4.00,2.05,23.1%,5.8%,17.3%,.372,1.86,.435,52.9%,9.41,4.80,4.60,3.48,19558
Nestor Cortes,NYY,9.00,3.16,2.85,1.70,23.1%,8.1%,15.0%,.276,1.43,.324,72.4%,4.86,4.81,0.06,4.71,17874
Reynaldo Lopez,CHW,7.73,2.91,2.66,1.51,19.0%,7.2%,11.9%,.296,1.54,.337,63.1%,6.02,4.81,1.21,5.41,16400
Miles Mikolas,STL,8.05,2.04,3.95,1.73,20.5%,5.2%,15.3%,.297,1.42,.335,70.0%,5.40,4.81,0.59,4.09,9803
Touki Toussaint,ATL,9.78,6.98,1.40,0.47,21.6%,15.5%,6.2%,.276,1.86,.364,63.1%,7.45,4.82,2.63,5.69,16929
Robbie Erlin,SDP,7.23,2.66,2.71,1.52,16.5%,6.1%,10.4%,.362,1.90,.405,66.8%,6.85,4.82,2.03,5.48,10354
Dylan Bundy,BAL,9.50,3.88,2.45,1.63,24.8%,10.1%,14.7%,.216,1.24,.245,70.1%,4.63,4.83,-0.20,4.85,12917
Jeremy Hellickson,WSN,10.18,3.98,2.56,1.77,25.0%,9.8%,15.2%,.280,1.57,.339,72.0%,4.43,4.84,-0.41,4.33,4371
Brad Brach,- - -,8.67,6.00,1.44,1.00,21.1%,14.6%,6.5%,.267,1.67,.320,67.0%,6.00,4.84,1.16,5.31,6627
Lewis Thorpe,MIN,11.15,4.70,2.38,1.76,27.5%,11.6%,15.9%,.311,1.76,.410,70.2%,6.46,4.84,1.61,4.64,15906
Masahiro Tanaka,NYY,6.91,2.38,2.91,1.62,17.8%,6.1%,11.7%,.287,1.42,.314,62.2%,6.05,4.85,1.20,4.77,15764
Anthony Bass,SEA,5.16,2.78,1.86,1.19,15.5%,8.3%,7.1%,.145,0.79,.133,67.6%,3.57,4.85,-1.27,4.79,7982
Adam Plutko,CLE,6.90,2.70,2.56,1.50,17.0%,6.6%,10.3%,.304,1.57,.338,68.3%,5.70,4.85,0.85,5.47,15846
Kyle Freeland,COL,7.62,3.65,2.09,1.43,19.0%,9.1%,9.9%,.259,1.43,.287,70.6%,4.61,4.86,-0.25,4.86,16256
Sam Dyson,- - -,8.27,2.48,3.33,1.65,21.6%,6.5%,15.1%,.256,1.26,.286,67.4%,5.23,4.87,0.37,4.18,11710
Joey Lucchesi,SDP,8.59,2.36,3.63,1.87,21.6%,6.0%,15.7%,.289,1.42,.322,63.1%,6.22,4.87,1.35,4.82,19320
Zack Godley,- - -,6.28,3.35,1.88,1.26,16.4%,8.7%,7.7%,.253,1.33,.271,69.2%,4.81,4.89,-0.07,5.48,14862
Martin Perez,MIN,6.41,4.93,1.30,0.99,15.6%,12.0%,3.6%,.263,1.59,.292,66.2%,4.81,4.90,-0.09,5.35,6902
Ariel Jurado,TEX,5.14,2.03,2.53,1.43,13.7%,5.4%,8.3%,.281,1.30,.286,63.7%,5.14,4.90,0.24,4.94,17030
Edwin Diaz,NYM,15.86,5.06,3.13,2.36,38.5%,12.3%,26.2%,.260,1.58,.385,78.3%,5.74,4.90,0.84,3.58,14710
Ivan Nova,CHW,5.16,2.71,1.91,1.27,12.9%,6.8%,6.1%,.337,1.67,.364,73.3%,5.08,4.92,0.16,5.03,1994
Thomas Pannone,TOR,10.16,3.48,2.92,1.74,25.4%,8.7%,16.7%,.252,1.39,.305,58.5%,6.68,4.92,1.75,5.23,17281
Nick Ramirez,DET,9.84,3.79,2.60,1.77,24.4%,9.4%,15.0%,.250,1.43,.296,66.4%,5.55,4.92,0.63,4.21,12575
Marco Gonzales,SEA,5.88,2.81,2.09,1.36,15.2%,7.3%,7.9%,.271,1.37,.288,73.5%,4.00,4.93,-0.92,5.48,15467
Zach Plesac,CLE,7.03,3.20,2.20,1.44,19.0%,8.7%,10.4%,.228,1.19,.245,78.4%,3.51,4.95,-1.44,5.14,19979
Jerry Blevins,ATL,10.80,4.32,2.50,1.62,27.0%,10.8%,16.2%,.226,1.32,.268,75.8%,4.86,4.95,-0.09,5.12,7841
Tanner Roark,- - -,8.23,2.54,3.24,1.70,21.1%,6.5%,14.6%,.279,1.39,.321,79.6%,4.48,4.96,-0.48,4.92,8753
Adam Warren,SDP,11.12,2.38,4.67,2.38,28.0%,6.0%,22.0%,.283,1.41,.333,67.8%,5.56,4.98,0.58,3.64,9029
Alec Mills,CHC,10.18,3.54,2.88,1.77,25.8%,9.0%,16.9%,.266,1.43,.327,94.5%,3.10,4.98,-1.89,3.80,13834
Jake Arrieta,PHI,8.16,2.64,3.10,1.76,20.5%,6.6%,13.9%,.304,1.52,.347,77.1%,4.90,4.99,-0.09,4.11,4153
Edgar Garcia,PHI,12.81,5.95,2.15,1.83,33.3%,15.5%,17.9%,.217,1.42,.282,75.9%,5.03,4.99,0.04,4.47,19276
Jordan Lyles,- - -,9.55,4.50,2.12,1.64,24.6%,11.6%,13.0%,.219,1.32,.250,74.4%,4.36,5.00,-0.64,4.75,7593
Zach Eflin,PHI,7.00,2.51,2.78,1.64,17.8%,6.4%,11.4%,.279,1.40,.303,76.5%,4.26,5.01,-0.75,4.46,13774
Drew VerHagen,DET,9.56,4.22,2.27,1.69,23.3%,10.3%,13.0%,.323,1.78,.400,64.5%,6.75,5.03,1.72,4.52,13424
Connor Sadzeck,SEA,10.66,5.68,1.88,1.42,26.8%,14.3%,12.5%,.213,1.42,.267,86.4%,2.84,5.03,-2.19,4.39,13483
Junior Guerra,MIL,7.57,4.09,1.85,1.43,20.1%,10.9%,9.2%,.206,1.20,.218,79.2%,3.48,5.03,-1.55,5.22,5702
Justin Anderson,LAA,11.07,6.64,1.67,1.33,25.5%,15.3%,10.2%,.266,1.77,.333,64.0%,6.64,5.03,1.61,4.78,16201
Sandy Alcantara,MIA,6.20,4.16,1.49,1.15,16.0%,10.7%,5.3%,.240,1.37,.261,79.5%,3.54,5.03,-1.49,5.62,18684
Jorge Lopez,KCR,7.97,2.85,2.79,1.67,20.6%,7.4%,13.2%,.264,1.33,.293,68.6%,5.00,5.04,-0.04,4.58,14527
Juan Nicasio,PHI,6.57,4.74,1.38,1.09,15.3%,11.0%,4.2%,.314,1.82,.349,71.8%,5.84,5.04,0.80,5.23,7731
Josh Tomlin,ATL,6.30,0.90,7.00,2.03,16.8%,2.4%,14.4%,.280,1.23,.286,76.9%,4.28,5.04,-0.76,4.90,9388
Trevor Williams,PIT,7.41,2.96,2.50,1.59,18.8%,7.5%,11.3%,.279,1.41,.302,71.6%,5.24,5.05,0.19,5.41,16977
Griffin Canning,LAA,10.09,3.03,3.33,2.02,26.1%,7.8%,18.3%,.244,1.26,.275,72.6%,5.30,5.06,0.23,4.71,19867
Evan Marshall,CHW,7.15,5.16,1.38,1.19,17.8%,12.9%,5.0%,.310,1.76,.358,81.0%,3.97,5.07,-1.10,4.93,12297
Hector Velazquez,BOS,6.43,2.57,2.50,1.61,17.5%,7.0%,10.5%,.250,1.21,.263,78.6%,3.86,5.07,-1.21,4.81,19341
Kelvin Herrera,CHW,8.22,3.91,2.10,1.57,19.4%,9.3%,10.2%,.323,1.78,.375,65.9%,7.04,5.08,1.96,5.42,6033
Shaun Anderson,SFG,6.32,3.76,1.68,1.37,16.1%,9.6%,6.5%,.299,1.58,.327,72.8%,5.30,5.09,0.20,4.93,19453
Dakota Hudson,STL,8.25,5.07,1.63,1.30,20.3%,12.5%,7.8%,.271,1.61,.318,74.4%,4.13,5.10,-0.97,4.50,19206
Hunter Wood,- - -,8.72,2.08,4.20,2.08,21.2%,5.1%,16.2%,.315,1.57,.358,71.4%,4.98,5.11,-0.12,5.04,15091
J.A. Happ,NYY,8.35,3.09,2.70,1.83,22.4%,8.3%,14.1%,.226,1.19,.245,73.4%,4.81,5.11,-0.30,4.82,7410
Manny Banuelos,CHW,7.71,6.06,1.27,1.10,17.1%,13.4%,3.7%,.377,2.27,.436,61.4%,8.82,5.11,3.70,5.35,5365
Yusei Kikuchi,SEA,6.15,2.61,2.36,1.56,15.2%,6.4%,8.8%,.292,1.49,.312,67.9%,5.21,5.11,0.10,4.91,20633
R.J. Alaniz,- - -,7.20,2.70,2.67,1.80,17.4%,6.5%,10.9%,.302,1.60,.333,37.9%,9.00,5.11,3.89,5.10,10819
Austin Voth,WSN,7.45,3.72,2.00,1.40,20.0%,10.0%,10.0%,.232,1.24,.255,87.2%,3.26,5.13,-1.87,5.58,15047
Erik Swanson,SEA,9.19,2.87,3.20,2.01,23.9%,7.5%,16.4%,.220,1.18,.238,67.4%,5.17,5.13,0.04,5.02,16587
Brandon Kintzler,CHC,7.76,3.04,2.56,1.69,20.5%,8.0%,12.5%,.248,1.28,.274,72.4%,4.73,5.16,-0.44,4.59,9939
Jason Vargas,- - -,7.11,3.62,1.96,1.55,18.3%,9.3%,9.0%,.246,1.33,.260,65.2%,5.04,5.17,-0.13,5.67,8044
Derek Law,TOR,10.05,7.85,1.28,0.94,23.2%,18.1%,5.1%,.239,1.78,.303,71.7%,5.34,5.17,0.17,5.54,13133
Homer Bailey,- - -,7.61,3.42,2.22,1.65,19.0%,8.6%,10.5%,.267,1.44,.292,66.8%,5.96,5.17,0.79,4.86,8362
Chris Flexen,NYM,6.17,10.03,0.62,0.00,13.6%,22.0%,-8.5%,.222,1.97,.263,60.9%,5.40,5.19,0.21,8.08,13896
Logan Webb,SFG,8.10,4.24,1.91,1.54,20.0%,10.5%,9.5%,.258,1.50,.294,59.2%,6.17,5.19,0.99,4.49,17995
Adam Cimber,CLE,7.18,2.73,2.63,1.71,17.9%,6.8%,11.1%,.271,1.41,.296,65.6%,6.15,5.23,0.93,4.42,15288
Julio Teheran,ATL,7.51,4.16,1.80,1.32,19.0%,10.5%,8.5%,.232,1.32,.253,73.1%,4.57,5.24,-0.68,5.78,6797
Daniel Mengden,OAK,5.00,3.67,1.36,1.33,12.7%,9.3%,3.4%,.271,1.48,.284,69.8%,5.33,5.25,0.08,5.98,16980
Vince Velasquez,PHI,10.14,3.89,2.61,1.89,25.1%,9.6%,15.5%,.268,1.48,.318,74.8%,5.07,5.26,-0.19,4.90,11189
Wilmer Font,- - -,9.32,3.58,2.60,1.91,22.9%,8.8%,14.1%,.296,1.59,.349,68.9%,6.45,5.26,1.19,4.98,5257
Jose Alvarado,TBR,10.80,10.03,1.08,0.77,23.0%,21.3%,1.6%,.277,2.23,.364,77.2%,4.63,5.27,-0.64,6.20,17780
Cole Irvin,PHI,8.44,2.36,3.57,2.03,21.2%,5.9%,15.3%,.318,1.54,.359,66.5%,6.75,5.28,1.47,4.51,19244
Casey Sadler,- - -,7.52,3.10,2.43,1.77,18.3%,7.5%,10.8%,.277,1.48,.297,86.6%,3.54,5.28,-1.74,4.97,11209
Dan Otero,CLE,3.77,0.63,6.00,1.88,9.5%,1.6%,7.9%,.339,1.53,.340,67.4%,5.65,5.31,0.34,4.53,7385
Brad Wieck,- - -,11.30,4.40,2.57,1.88,29.0%,11.3%,17.7%,.189,1.19,.219,60.8%,6.28,5.31,0.97,4.95,16390
Scott Oberg,COL,9.25,4.44,2.08,1.85,24.8%,11.9%,12.9%,.202,1.23,.220,78.3%,2.96,5.31,-2.35,4.52,13911
Cody Stashak,MIN,5.84,0.00,8.00,2.19,16.0%,0.0%,16.0%,.265,1.05,.263,91.8%,3.65,5.32,-1.67,6.03,18088
Aaron Brooks,- - -,5.73,3.27,1.75,1.47,14.1%,8.1%,6.0%,.290,1.55,.309,66.3%,5.89,5.32,0.57,5.80,12272
John Means,BAL,6.57,2.71,2.42,1.71,16.9%,7.0%,9.9%,.271,1.37,.288,75.1%,4.86,5.33,-0.47,5.82,16269
Mike Fiers,OAK,6.78,2.84,2.38,1.75,17.7%,7.4%,10.3%,.273,1.36,.288,73.7%,5.14,5.33,-0.19,5.07,7754
Nathan Eovaldi,BOS,9.80,3.11,3.15,2.15,24.7%,7.8%,16.9%,.277,1.43,.317,78.3%,5.02,5.34,-0.32,4.40,9132
Luis Avilan,NYM,5.71,4.67,1.22,1.04,14.5%,11.8%,2.6%,.277,1.56,.308,76.3%,4.67,5.35,-0.68,5.80,2882
Chris Bassitt,OAK,8.60,3.23,2.67,1.91,22.0%,8.2%,13.7%,.236,1.27,.256,75.4%,4.54,5.38,-0.84,4.97,12304
Wei-Yin Chen,MIA,7.82,1.51,5.17,2.27,19.7%,3.8%,15.9%,.320,1.49,.349,63.7%,6.31,5.43,0.88,4.60,13071
Emmanuel Clase,TEX,7.84,3.48,2.25,1.74,20.9%,9.3%,11.6%,.237,1.26,.259,98.2%,2.61,5.44,-2.83,4.08,21032
Pedro Payano,TEX,7.53,5.65,1.33,1.26,19.4%,14.5%,4.8%,.269,1.60,.316,84.9%,3.77,5.45,-1.68,5.71,18313
Blaine Hardy,DET,7.85,3.44,2.29,1.96,21.9%,9.6%,12.3%,.185,1.04,.174,82.1%,3.93,5.45,-1.52,4.78,6499
Wade Davis,COL,9.82,6.87,1.43,1.47,24.4%,17.1%,7.3%,.250,1.69,.311,74.6%,5.40,5.45,-0.05,5.49,7441
Yoan Lopez,ARI,6.47,2.53,2.56,1.97,17.3%,6.8%,10.5%,.240,1.19,.234,81.6%,3.09,5.46,-2.37,4.55,17181
Nick Pivetta,PHI,9.08,4.06,2.24,1.91,23.0%,10.3%,12.7%,.250,1.41,.280,66.2%,4.78,5.47,-0.69,4.56,15454
Patrick Sandoval,LAA,8.84,4.19,2.11,1.86,22.1%,10.5%,11.6%,.267,1.50,.302,65.6%,6.52,5.49,1.03,4.34,19447
Drew Pomeranz,- - -,11.16,3.78,2.95,2.34,28.1%,9.5%,18.6%,.274,1.50,.333,74.8%,5.94,5.49,0.45,4.18,11426
Domingo German,NYY,8.74,2.27,3.85,2.27,22.4%,5.8%,16.6%,.252,1.26,.271,68.8%,5.45,5.50,-0.05,4.47,17149
Justin Shafer,TOR,10.27,6.85,1.50,1.52,24.3%,16.2%,8.1%,.239,1.69,.295,90.4%,3.04,5.54,-2.50,5.78,16132
Richard Lovelady,KCR,6.75,4.22,1.60,1.69,16.3%,10.2%,6.1%,.302,1.69,.324,59.2%,7.59,5.56,2.04,5.17,19337
Dereck Rodriguez,SFG,6.43,3.14,2.05,1.86,16.9%,8.3%,8.6%,.245,1.29,.249,70.5%,4.43,5.56,-1.13,5.06,14509
Sean Newcomb,ATL,9.91,4.10,2.42,2.05,23.4%,9.7%,13.7%,.294,1.67,.347,79.8%,4.78,5.57,-0.78,4.34,16943
Peter Lambert,COL,7.32,4.12,1.78,1.60,16.5%,9.3%,7.2%,.349,1.93,.383,65.5%,7.32,5.58,1.74,4.98,17969
DJ Johnson,COL,9.95,9.95,1.00,0.71,22.2%,22.2%,0.0%,.213,1.89,.273,80.5%,4.26,5.58,-1.32,6.60,12578
Jakob Junis,KCR,8.62,3.22,2.68,2.07,21.9%,8.2%,13.7%,.266,1.39,.293,82.4%,4.48,5.59,-1.11,4.76,13619
Jerad Eickhoff,PHI,7.13,3.38,2.11,1.88,18.4%,8.7%,9.7%,.275,1.42,.290,67.9%,6.00,5.59,0.41,5.62,12664
Chad Bettis,COL,6.19,3.38,1.83,1.69,15.7%,8.6%,7.1%,.296,1.53,.316,77.5%,5.06,5.59,-0.53,4.58,10587
Merrill Kelly,ARI,6.65,3.89,1.71,1.74,16.7%,9.7%,6.9%,.268,1.49,.284,70.5%,5.42,5.61,-0.19,5.43,11156
Brock Stewart,- - -,7.43,2.70,2.75,2.03,17.7%,6.5%,11.3%,.327,1.65,.349,58.5%,7.43,5.61,1.81,5.67,16727
Jhoulys Chacin,- - -,8.29,4.06,2.04,1.94,19.7%,9.6%,10.0%,.301,1.69,.333,63.4%,7.06,5.65,1.41,5.18,2608
Paul Fry,BAL,7.80,4.50,1.73,1.50,19.0%,10.9%,8.0%,.267,1.53,.302,54.5%,6.60,5.65,0.95,4.87,15832
Steven Brault,PIT,7.25,4.32,1.68,1.70,17.4%,10.4%,7.0%,.301,1.70,.331,71.6%,5.86,5.65,0.21,5.04,15291
Chi Chi Gonzalez,COL,6.03,4.82,1.25,1.45,15.5%,12.4%,3.1%,.223,1.37,.229,64.2%,5.30,5.65,-0.35,5.48,14663
Matt Grace,WSN,7.65,2.25,3.40,2.25,18.7%,5.5%,13.2%,.321,1.60,.349,61.5%,7.65,5.66,1.99,4.01,11449
Fernando Rodney,- - -,11.07,7.08,1.56,1.77,25.3%,16.2%,9.1%,.277,1.92,.352,59.9%,7.97,5.67,2.29,4.68,494
Tanner Scott,BAL,11.08,11.08,1.00,0.69,25.4%,25.4%,0.0%,.261,2.15,.379,79.7%,4.85,5.68,-0.83,5.90,17586
Victor Alcantara,DET,4.84,2.82,1.71,1.61,12.6%,7.4%,5.3%,.271,1.34,.271,72.0%,4.84,5.68,-0.84,5.66,15028
Caleb Ferguson,LAD,9.62,5.55,1.73,1.48,22.6%,13.0%,9.6%,.261,1.60,.308,62.5%,7.03,5.68,1.35,5.59,19349
Nick Margevicius,SDP,6.66,2.22,3.00,2.22,16.1%,5.4%,10.7%,.305,1.56,.317,57.4%,7.03,5.68,1.35,4.60,20395
Pablo Lopez,MIA,7.74,2.08,3.73,2.08,19.1%,5.1%,14.0%,.299,1.45,.326,60.1%,7.36,5.69,1.67,4.69,17085
Corbin Burnes,MIL,13.73,2.75,5.00,3.20,33.0%,6.6%,26.4%,.337,1.73,.438,62.0%,7.78,5.71,2.07,3.10,19361
Jake Faria,- - -,9.90,5.40,1.83,1.80,20.8%,11.3%,9.4%,.400,2.40,.485,67.6%,8.10,5.71,2.39,4.90,13699
Eric Skoglund,KCR,0.00,3.60,0.00,0.90,0.0%,9.3%,-9.3%,.211,1.20,.184,56.6%,5.40,5.71,-0.31,7.60,16155
Drew Smyly,- - -,9.31,4.81,1.94,2.02,23.0%,11.9%,11.1%,.263,1.57,.301,75.9%,5.12,5.71,-0.59,5.27,11760
Yefry Ramirez,- - -,10.22,5.84,1.75,1.46,21.5%,12.3%,9.2%,.340,2.11,.421,49.6%,10.22,5.73,4.49,5.55,15655
Burch Smith,- - -,8.44,5.91,1.43,1.69,20.4%,14.3%,6.1%,.238,1.59,.267,77.5%,5.06,5.75,-0.68,6.29,12784
Clay Holmes,PIT,8.18,5.73,1.43,1.23,19.0%,13.3%,5.7%,.212,1.45,.238,73.2%,4.91,5.76,-0.85,5.25,13649
Colin Poche,TBR,12.49,5.64,2.21,2.01,29.8%,13.5%,16.3%,.244,1.57,.320,59.4%,8.06,5.77,2.29,5.71,19403
Wily Peralta,KCR,5.09,4.08,1.25,1.53,13.2%,10.5%,2.6%,.303,1.58,.315,76.6%,5.09,5.82,-0.72,5.86,7738
Greg Holland,ARI,11.15,7.63,1.46,1.76,25.3%,17.3%,8.0%,.283,1.96,.350,62.0%,8.22,5.82,2.39,5.23,7196
Chance Adams,NYY,7.84,1.74,4.50,2.61,17.3%,3.8%,13.5%,.400,2.13,.447,44.9%,12.19,5.83,6.37,6.10,18135
Antonio Senzatela,COL,4.97,4.81,1.03,1.40,11.7%,11.3%,0.4%,.325,1.88,.345,64.0%,7.29,5.83,1.46,5.36,15488
Taylor Clarke,ARI,7.48,3.12,2.40,2.08,19.3%,8.0%,11.2%,.261,1.34,.270,79.2%,4.57,5.87,-1.30,5.21,17611
Luis Cessa,NYY,7.97,4.20,1.89,1.99,19.8%,10.4%,9.3%,.266,1.50,.284,79.4%,4.20,5.87,-1.66,4.85,13345
Jimmy Yacabonis,BAL,6.17,5.01,1.23,1.54,15.8%,12.9%,3.0%,.244,1.46,.254,85.0%,3.86,5.87,-2.01,6.71,15157
Matt Shoemaker,TOR,5.52,3.68,1.50,1.84,15.0%,10.0%,5.0%,.222,1.23,.214,79.7%,3.07,5.87,-2.80,5.52,4776
Dylan Covey,CHW,5.88,5.35,1.10,1.34,13.3%,12.1%,1.2%,.300,1.84,.322,56.9%,8.29,5.89,2.40,5.97,14825
Dario Agrazal,PIT,4.24,1.85,2.29,1.85,10.8%,4.7%,6.1%,.279,1.32,.272,76.5%,4.50,5.92,-1.42,5.88,15821
Anthony Swarzak,- - -,9.68,4.40,2.20,2.35,24.4%,11.1%,13.3%,.267,1.53,.304,75.4%,5.87,5.92,-0.05,4.28,7466
Jeurys Familia,NYM,8.53,8.53,1.00,1.07,19.5%,19.5%,0.0%,.271,1.97,.329,69.0%,6.39,5.94,0.46,6.36,5114
Chase Anderson,MIL,6.68,4.06,1.64,1.89,16.6%,10.1%,6.5%,.278,1.53,.289,76.4%,5.23,5.96,-0.73,6.02,6895
Jake Newberry,KCR,10.13,2.25,4.50,2.81,27.3%,6.1%,21.2%,.224,1.06,.211,90.9%,4.50,5.96,-1.46,4.89,15136
Aaron Sanchez,- - -,6.72,4.93,1.36,1.64,15.6%,11.5%,4.1%,.300,1.78,.325,65.6%,6.72,5.97,0.75,5.62,11490
Hector Santiago,- - -,8.64,7.02,1.23,1.62,18.8%,15.3%,3.5%,.324,2.16,.377,66.0%,7.56,5.97,1.59,6.50,4026
Tyler Beede,SFG,7.83,4.46,1.76,2.03,18.6%,10.6%,8.0%,.291,1.70,.319,72.3%,6.08,5.97,0.10,5.26,16981
Joe Jimenez,DET,11.89,4.18,2.85,2.57,28.5%,10.0%,18.5%,.281,1.61,.348,70.7%,5.79,6.00,-0.21,4.91,15761
JT Chargois,LAD,7.20,3.60,2.00,1.80,18.6%,9.3%,9.3%,.286,1.40,.296,60.6%,7.20,6.01,1.19,4.81,13767
Hunter Strickland,- - -,7.47,2.30,3.25,2.30,20.6%,6.3%,14.3%,.179,0.89,.150,76.9%,4.60,6.02,-1.43,5.88,7836
Richard Rodriguez,PIT,7.59,2.53,3.00,2.53,19.7%,6.6%,13.1%,.246,1.25,.239,83.9%,4.22,6.03,-1.81,5.23,13549
Dominic Leone,STL,9.82,6.14,1.60,2.05,24.5%,15.3%,9.2%,.244,1.59,.278,75.0%,5.73,6.03,-0.30,5.43,13763
Kohl Stewart,MIN,1.64,2.45,0.67,1.64,4.7%,7.0%,-2.3%,.250,1.18,.222,78.4%,4.09,6.03,-1.94,5.30,15502
Framber Valdez,HOU,8.07,7.14,1.13,1.55,17.8%,15.8%,2.1%,.314,2.10,.359,61.1%,7.76,6.04,1.72,5.31,17295
Steven Matz,NYM,7.77,3.06,2.54,2.42,18.7%,7.4%,11.3%,.293,1.58,.312,64.8%,6.62,6.04,0.58,5.03,13361
Thomas Eshelman,BAL,4.42,2.45,1.80,1.96,11.0%,6.1%,4.9%,.307,1.53,.302,76.9%,5.40,6.05,-0.65,5.82,18361
Jake McGee,COL,5.82,1.25,4.67,2.49,16.3%,3.5%,12.8%,.235,1.02,.210,100.0%,2.91,6.08,-3.17,5.51,7550
Lucas Sims,CIN,12.18,5.29,2.30,2.65,31.9%,13.9%,18.1%,.210,1.35,.235,62.5%,6.88,6.10,0.79,4.96,13470
Shelby Miller,TEX,7.23,6.27,1.15,1.45,16.1%,14.0%,2.2%,.286,1.88,.317,51.8%,9.64,6.11,3.54,6.36,10197
David McKay,- - -,9.82,8.18,1.20,1.64,24.5%,20.4%,4.1%,.179,1.55,.200,70.4%,5.73,6.12,-0.40,6.11,19814
Jeff Brigham,MIA,12.00,3.00,4.00,3.00,29.1%,7.3%,21.8%,.280,1.50,.333,97.0%,4.50,6.13,-1.63,4.45,16631
Ryan Carpenter,DET,5.54,2.08,2.67,2.08,13.6%,5.1%,8.5%,.241,1.23,.233,50.7%,6.92,6.14,0.79,6.35,12699
Clay Buchholz,TOR,5.52,1.84,3.00,2.45,14.0%,4.7%,9.3%,.328,1.57,.330,57.5%,7.67,6.15,1.52,5.18,3543
Dillon Peters,LAA,6.81,3.65,1.87,2.19,16.8%,9.0%,7.8%,.280,1.54,.289,77.1%,4.86,6.16,-1.30,5.69,18790
Michael Wacha,STL,6.81,4.42,1.54,2.02,16.7%,10.8%,5.9%,.299,1.67,.313,77.1%,5.30,6.17,-0.87,5.01,14078
Dallas Keuchel,ATL,7.51,4.29,1.75,1.97,18.4%,10.5%,7.9%,.296,1.63,.324,79.9%,5.01,6.17,-1.17,4.56,9434
Trevor Cahill,LAA,6.14,3.40,1.81,2.10,15.3%,8.5%,6.9%,.266,1.44,.266,60.2%,6.63,6.18,0.45,5.39,6249
Wade LeBlanc,SEA,8.03,1.64,4.89,2.92,19.0%,3.9%,15.2%,.357,1.78,.389,65.5%,8.21,6.19,2.02,4.76,5221
Blake Parker,- - -,7.62,3.81,2.00,2.22,20.7%,10.3%,10.3%,.190,1.09,.169,73.3%,5.08,6.21,-1.13,5.39,5224
Alex Claudio,MIL,5.06,4.05,1.25,1.69,12.3%,9.8%,2.5%,.276,1.54,.276,70.3%,5.74,6.21,-0.48,5.19,12890
Mike Mayers,STL,6.94,6.17,1.13,1.54,16.1%,14.3%,1.8%,.298,1.89,.333,59.4%,8.49,6.21,2.27,6.88,15451
Blake Treinen,OAK,9.53,6.75,1.41,1.99,22.0%,15.6%,6.4%,.297,1.94,.349,70.3%,6.75,6.21,0.54,4.93,12572
Adam Conley,MIA,6.84,5.47,1.25,1.71,16.4%,13.1%,3.3%,.257,1.59,.266,64.9%,6.49,6.21,0.28,5.94,14457
Caleb Smith,MIA,9.34,3.71,2.52,2.59,24.1%,9.6%,14.5%,.237,1.31,.243,72.6%,5.40,6.23,-0.83,5.72,14875
Lou Trivino,OAK,6.83,4.88,1.40,1.95,16.9%,12.1%,4.8%,.292,1.66,.309,72.5%,5.86,6.25,-0.39,5.66,15043
Brian Johnson,BOS,6.66,5.96,1.12,1.75,14.5%,13.0%,1.5%,.357,2.22,.389,70.0%,7.36,6.25,1.11,6.67,14272
Edwin Jackson,- - -,7.15,4.50,1.59,2.12,16.2%,10.2%,6.0%,.345,2.00,.377,62.3%,8.21,6.27,1.93,5.91,1841
Jose Ruiz,CHW,6.89,5.74,1.20,1.72,15.2%,12.7%,2.5%,.369,2.17,.396,71.4%,7.47,6.28,1.19,6.45,14552
David Hess,BAL,7.86,2.01,3.90,2.82,20.1%,5.2%,14.9%,.268,1.30,.262,66.0%,5.24,6.28,-1.04,5.10,16130
Luis Garcia,LAA,8.16,3.77,2.17,2.51,20.3%,9.4%,10.9%,.287,1.57,.305,76.9%,4.71,6.28,-1.57,4.74,6984
Ty Blach,BAL,7.53,6.28,1.20,1.88,18.8%,15.6%,3.1%,.259,1.67,.282,50.5%,8.16,6.35,1.81,5.99,14361
Robert Dugger,MIA,5.12,4.66,1.10,1.40,11.8%,10.8%,1.1%,.311,1.71,.313,59.2%,7.45,6.42,1.03,6.98,19191
Kyle Crick,PIT,10.72,7.54,1.42,1.99,26.0%,18.3%,7.7%,.195,1.54,.216,83.3%,4.37,6.48,-2.11,5.72,13182
Jeff Hoffman,COL,11.20,5.27,2.13,2.63,27.2%,12.8%,14.4%,.264,1.61,.308,71.8%,6.91,6.51,0.41,5.39,17432
Alex Wood,CIN,7.04,2.35,3.00,2.74,20.0%,6.7%,13.3%,.220,1.04,.190,78.9%,4.70,6.52,-1.82,4.46,13781
Jacob Barnes,- - -,7.04,7.04,1.00,1.76,14.6%,14.6%,0.0%,.304,2.15,.327,59.0%,8.22,6.54,1.68,6.98,12323
Kyle Barraclough,- - -,9.98,5.87,1.70,2.35,24.3%,14.3%,10.0%,.220,1.50,.237,70.7%,6.46,6.54,-0.08,5.48,13713
Chandler Shepherd,BAL,7.50,3.75,2.00,2.25,17.9%,8.9%,8.9%,.327,1.75,.361,69.1%,6.75,6.55,0.20,5.62,16166
Mike Leake,- - -,5.90,1.55,3.80,2.69,14.9%,3.9%,11.0%,.300,1.40,.292,74.5%,5.59,6.55,-0.96,5.06,10130
Elieser Hernandez,MIA,9.71,4.03,2.41,2.61,23.3%,9.7%,13.6%,.270,1.53,.294,73.5%,5.92,6.56,-0.64,5.62,16933
Andrew Suarez,SFG,6.92,2.77,2.50,2.77,16.4%,6.6%,9.8%,.345,1.77,.349,69.0%,7.62,6.60,1.02,5.05,18300
Felix Hernandez,SEA,7.18,3.72,1.93,2.48,16.8%,8.7%,8.1%,.331,1.82,.350,48.1%,9.17,6.60,2.57,5.27,4772
Yency Almonte,COL,8.22,2.93,2.80,2.93,20.9%,7.5%,13.4%,.262,1.37,.256,71.4%,6.46,6.61,-0.15,5.09,15068
Dan Straily,BAL,6.14,3.68,1.67,2.45,15.2%,9.1%,6.1%,.271,1.50,.261,61.0%,6.75,6.62,0.13,6.47,9460
Tyson Ross,DET,6.00,6.43,0.93,1.71,14.4%,15.5%,-1.0%,.275,1.76,.286,64.8%,6.86,6.64,0.21,5.97,7872
Bryan Shaw,COL,5.74,4.88,1.18,2.01,14.1%,12.0%,2.1%,.287,1.66,.292,67.9%,6.89,6.66,0.23,5.85,8110
Hector Noesi,MIA,6.75,4.30,1.57,2.45,17.5%,11.1%,6.3%,.273,1.50,.268,61.0%,7.36,6.69,0.67,6.27,3292
Sam Coonrod,SFG,5.28,5.28,1.00,1.76,14.5%,14.5%,0.0%,.160,1.11,.128,94.6%,2.93,6.74,-3.80,6.14,17264
Devin Smeltzer,MIN,4.42,2.45,1.80,2.45,11.3%,6.3%,5.0%,.311,1.53,.300,81.8%,5.40,6.76,-1.36,6.36,19487
Sean Reid-Foley,TOR,7.11,9.24,0.77,1.42,15.4%,20.0%,-4.6%,.288,2.21,.325,75.4%,4.26,6.77,-2.50,8.01,17034
Jose Suarez,LAA,7.68,3.74,2.06,2.70,18.3%,8.9%,9.4%,.320,1.73,.336,73.6%,6.85,6.86,-0.01,6.17,19911
Jesse Biddle,- - -,8.76,5.84,1.50,2.19,22.2%,14.8%,7.4%,.227,1.46,.241,75.9%,5.11,6.86,-1.75,5.47,11437
CC Sabathia,NYY,8.22,3.02,2.72,3.02,20.2%,7.4%,12.8%,.301,1.57,.310,70.7%,6.54,6.87,-0.33,4.99,404
Bryse Wilson,ATL,7.71,6.17,1.25,2.31,16.9%,13.6%,3.4%,.340,2.14,.368,52.9%,9.26,6.90,2.36,6.28,19990
Tayron Guerrero,MIA,9.15,6.53,1.40,2.18,20.6%,14.7%,5.9%,.289,1.89,.328,65.7%,7.84,6.94,0.90,6.30,11691
Adrian Sampson,TEX,7.96,2.77,2.88,2.94,18.8%,6.5%,12.2%,.318,1.67,.338,66.5%,7.96,6.96,1.00,5.66,13339
Gabriel Ynoa,BAL,5.37,3.02,1.78,2.68,13.4%,7.6%,5.9%,.281,1.47,.265,70.0%,6.20,7.02,-0.81,5.36,12938
Derek Holland,- - -,8.06,5.23,1.54,2.61,19.2%,12.4%,6.7%,.275,1.65,.271,65.8%,7.62,7.08,0.54,5.72,4141
Wes Parsons,- - -,8.03,10.22,0.79,1.46,17.2%,21.9%,-4.7%,.311,2.27,.333,53.4%,8.76,7.19,1.57,7.18,14764
Paul Blackburn,OAK,6.30,3.60,1.75,2.70,13.5%,7.7%,5.8%,.370,2.10,.378,50.6%,10.80,7.21,3.59,4.91,14739
Glenn Sparkman,KCR,5.88,4.07,1.44,2.72,13.6%,9.4%,4.2%,.335,1.89,.337,60.8%,8.60,7.24,1.36,6.52,15200
Logan Allen,SDP,4.05,5.40,0.75,2.03,9.0%,11.9%,-3.0%,.393,2.25,.388,67.2%,8.10,7.26,0.84,5.98,18555
Tyler Bashlor,NYM,8.03,5.11,1.57,2.92,19.3%,12.3%,7.0%,.265,1.62,.257,62.5%,8.03,7.35,0.68,6.52,15203
Ryan Tepera,TOR,6.10,5.23,1.17,2.61,14.6%,12.5%,2.1%,.275,1.65,.250,62.5%,7.84,7.38,0.46,6.68,10291
Kyle Dowdy,TEX,8.71,6.10,1.43,2.61,18.2%,12.7%,5.5%,.304,2.03,.324,56.2%,8.71,7.38,1.33,5.33,19285
Jaime Barria,LAA,7.87,3.75,2.10,3.22,18.5%,8.8%,9.7%,.312,1.75,.318,62.7%,8.58,7.43,1.16,5.86,18356
Mike Montgomery,- - -,7.75,3.10,2.50,3.32,18.3%,7.3%,11.0%,.376,1.92,.392,67.8%,8.19,7.47,0.72,4.73,4869
Heath Fillmyer,KCR,7.07,5.14,1.38,2.57,16.9%,12.3%,4.6%,.236,1.50,.225,69.0%,7.07,7.50,-0.43,6.49,17466
Reggie McClain,SEA,2.31,7.71,0.30,1.54,5.3%,17.5%,-12.3%,.319,2.14,.310,58.6%,9.26,7.50,1.76,6.29,19311
Jay Jackson,MIL,8.25,9.00,0.92,2.25,18.3%,20.0%,-1.7%,.304,2.17,.324,91.7%,4.50,7.63,-3.13,6.54,7432
Shawn Kelley,TEX,7.02,1.62,4.33,3.78,16.7%,3.8%,12.8%,.373,1.86,.382,80.2%,7.56,7.65,-0.09,5.54,7773
Brock Burke,TEX,4.63,5.40,0.86,2.31,10.7%,12.5%,-1.8%,.289,1.71,.263,44.9%,10.80,7.84,2.96,6.55,17968
Jose Quijada,MIA,11.65,6.35,1.83,3.18,26.2%,14.3%,11.9%,.250,1.71,.275,97.6%,4.24,8.04,-3.80,5.91,19200
Jake Jewell,LAA,7.30,2.92,2.50,3.65,18.2%,7.3%,10.9%,.280,1.46,.257,58.3%,8.76,8.08,0.68,4.26,16958
Clayton Richard,TOR,3.18,3.71,0.86,2.65,8.1%,9.5%,-1.4%,.317,1.59,.283,87.0%,5.29,8.10,-2.80,6.15,3551
Sam Howard,COL,7.36,4.91,1.50,3.27,16.7%,11.1%,5.6%,.311,1.82,.294,51.9%,9.00,8.21,0.79,6.20,16265
Stephen Tarpley,NYY,9.45,6.75,1.40,3.38,20.9%,14.9%,6.0%,.368,2.33,.421,62.5%,10.80,8.24,2.56,5.75,15859
Neil Ramirez,- - -,6.55,9.82,0.67,2.45,15.1%,22.6%,-7.5%,.250,2.00,.233,78.7%,5.73,8.58,-2.85,8.47,7677
Matt Koch,ARI,2.19,2.92,0.75,2.92,5.4%,7.1%,-1.8%,.271,1.38,.220,71.4%,7.30,8.89,-1.59,8.54,13420
Matthew Festa,SEA,6.55,5.73,1.14,3.27,14.5%,12.7%,1.8%,.295,1.82,.265,67.1%,8.18,8.94,-0.76,7.11,19330
Josh A. Smith,BOS,7.07,1.93,3.67,4.50,15.7%,4.3%,11.4%,.333,1.79,.313,61.7%,9.00,9.00,0.00,5.77,10946
Aaron Wilkerson,MIL,6.30,6.30,1.00,3.60,12.7%,12.7%,0.0%,.383,2.50,.378,72.2%,9.90,9.11,0.79,7.89,16904
Drew Gagnon,NYM,5.40,2.70,2.00,4.32,12.3%,6.2%,6.2%,.342,1.86,.310,70.7%,8.64,9.15,-0.51,6.38,12545
Ross Detwiler,CHW,4.84,6.85,0.71,3.63,10.3%,14.5%,-4.3%,.392,2.46,.367,63.7%,10.88,9.66,1.22,7.01,2859
Jesus Tinoco,COL,8.03,8.03,1.00,4.38,18.0%,18.0%,0.0%,.286,2.03,.242,84.3%,7.30,10.43,-3.13,6.85,16300
Zac Reininger,DET,7.84,2.61,3.00,6.10,16.4%,5.5%,10.9%,.404,2.32,.389,70.4%,12.19,11.15,1.04,5.42,15285
Alex McRae,PIT,7.62,6.92,1.10,4.85,15.3%,13.9%,1.4%,.350,2.38,.333,47.4%,12.46,11.29,1.17,7.35,16317
