Yajure, Miguel,664337,49,16,49.0,112.1,89.7,94.8,84.6,403,190,388,24,23.3,49.0,10,20.4,14.7
Sceroler, Mac,669135,29,17,34.5,110,92.3,96.3,88.6,424,207,383,15,16.5,51.7,7,24.1,14.6
Devenski, Chris,606965,27,15.1,51.9,112.6,89.7,91.4,87,465,214,460,10,15.4,37.0,5,18.5,14.3
Baumann, Mike,657508,38,12.8,42.1,109.3,95.5,97.9,93.3,460,214,439,23,26.7,60.5,7,18.4,14.0
Guerra, Javy,457915,26,15.4,46.2,109.4,94.8,99,90.6,454,206,437,13,17.6,50.0,5,19.2,13.5
Lindblom, Josh,458676,55,23.2,40.0,110.8,92,95.5,90.6,416,206,404,26,17.9,47.3,11,20.0,12.9
Madero, Luís,650347,43,29.9,30.2,109.6,88.7,94.5,88,405,205,399,17,20.0,39.5,7,16.3,12.5
Zeuch, T.J.,643615,57,4.8,36.8,114.1,91.4,99.6,84.3,441,166,414,29,21.2,50.9,9,15.8,12.2
Burrows, Beau,663366,40,27,47.5,109.8,93,95.5,88.6,454,255,405,17,13.7,42.5,7,17.5,12.1
Albers, Andrew,452027,67,18.2,38.8,115.2,89.3,94.4,88.8,439,175,394,32,20.4,47.8,10,14.9,11.2
Weber, Ryan,543901,32,2.4,34.4,114.3,92.7,99.1,87.1,440,153,409,16,22.5,50.0,5,15.6,11.1
Hatch, Thomas,641672,30,22.4,36.7,112.8,92,98.2,91.2,392,185,391,15,19.0,50.0,5,16.7,11.1
Fiers, Mike,571666,36,17.2,36.1,109.8,90.5,95.6,88.1,423,170,393,18,26.1,50.0,5,13.9,11.1
Hess, David,605276,72,21.2,40.3,116.5,94.7,96.3,91.1,439,236,405,36,19.9,50.0,11,15.3,10.8
Swarzak, Anthony,461872,45,16.2,51.1,108,91,93.4,86.2,427,213,405,19,19.4,42.2,6,13.3,10.7
Arihara, Kohei,685503,137,11.7,41.6,114.1,91.7,96.6,87.1,458,194,414,68,22.7,49.6,19,13.9,10.7
Yang, Hyeon-Jong,660365,118,13.6,36.4,113.2,89.7,95,84.9,430,180,400,50,17.0,42.4,17,14.4,10.6
Eickhoff, Jerad,595191,78,18.9,46.2,113.4,92.1,96.9,84.2,439,198,406,37,21.1,47.4,11,14.1,10.6
García, Deivi,665620,26,25.5,46.2,106.8,90.5,95.1,81.4,406,230,406,8,11.9,30.8,4,15.4,10.5
Garcia, Bryan,650530,133,15.3,34.6,111.9,92.4,95.9,87,423,194,406,66,19.8,49.6,20,15.0,10.4
Burdi, Zack,641420,35,21.4,37.1,112.5,90.9,94.1,92.7,417,189,399,16,19.0,45.7,5,14.3,10.2
Heasley, Jon,669169,48,15.7,22.9,110.9,92.2,97.9,89.6,435,167,413,27,24.1,56.3,6,12.5,10.2
Duplantier, Jon,641541,48,7.8,31.3,110,90.2,95.3,87.9,451,157,407,19,16.1,39.6,7,14.6,10.0
Lambert, Peter,663567,25,-0.9,32.0,106.1,86,94.5,77,442,158,417,10,18.2,40.0,3,12.0,10.0
Junk, Janson,676083,59,13.9,40.7,116.1,88.3,93.1,82.8,456,181,416,20,16.4,33.9,7,11.9,9.9
López, Yoan,661255,42,10.5,35.7,111.8,91.7,94.6,88.5,416,169,403,16,16.3,38.1,6,14.3,9.8
Waddell, Brandon,663399,35,17.1,37.1,110.3,95.5,96.3,96.2,404,190,399,19,21.3,54.3,5,14.3,9.8
Kremer, Dean,665152,172,21,39.5,119.4,93.1,96.6,91.7,426,193,390,78,17.5,45.3,24,14.0,9.8
Stephan, Trevor,663986,173,16.5,40.5,115.7,89.7,94.6,84.2,429,197,397,74,13.0,42.8,27,15.6,9.6
Holland, Greg,518813,163,12,38.0,116,88.8,95,82.5,435,178,405,67,14.4,41.1,23,14.1,9.5
Martin, Corbin,656686,58,16.5,39.7,111.9,93.8,96.5,89.9,444,212,401,30,19.4,51.7,8,13.8,9.3
De Jong, Chase,608328,137,17.1,38.0,117.9,91.1,96.2,82.9,451,216,409,64,17.6,46.7,18,13.1,9.2
Jax, Griffin,643377,261,20.1,33.0,113.3,90.9,95.8,84.4,454,211,398,114,17.0,43.7,33,12.6,9.2
Skubal, Tarik,669373,417,14.1,35.0,115.7,90.5,94.3,88,454,181,404,188,15.2,45.1,58,13.9,9.1
Pagán, Emilio,641941,174,26.5,42.0,110.6,90.4,94.3,84,406,221,389,79,13.8,45.4,24,13.8,9.1
Poteet, Cody,547001,84,18.8,33.3,113.6,91.5,97.4,85.7,442,195,415,36,14.0,42.9,12,14.3,9.1
Kazmir, Scott,431148,38,10.9,36.8,112.6,92.1,95.1,88.3,433,168,415,19,18.6,50.0,5,13.2,9.1
Armstrong, Shawn,542888,104,19.4,38.5,115.1,90.6,95.7,85.7,471,199,414,46,13.5,44.2,15,14.4,9.1
Merryweather, Julian,657240,38,8.5,28.9,109.7,90.3,96.1,85,423,184,405,18,17.1,47.4,5,13.2,9.1
Buchter, Ryan,488748,47,22.8,31.9,111.4,90.9,96.3,82.9,463,232,403,22,17.2,46.8,7,14.9,9.0
Zuber, Tyler,676604,80,19.9,42.5,110.4,90.3,94.5,86.5,427,188,407,35,15.6,43.8,11,13.8,8.9
Stock, Robert,476594,26,11.1,34.6,114.8,91.3,96.5,85.1,432,169,411,11,16.4,42.3,4,15.4,8.9
Campbell, Paul,669294,86,14.2,33.7,110,88.9,91.9,86.9,445,164,410,30,13.5,34.9,11,12.8,8.9
Lowther, Zac,675912,91,11.7,35.2,113.2,92.7,96.4,89.7,444,177,410,48,19.4,52.7,12,13.2,8.7
Newsome, Ljay,664714,49,16.5,46.9,110.5,92,94.9,88.9,433,207,403,23,15.1,46.9,6,12.2,8.7
Happ, J.A.,457918,498,16.4,38.4,114.1,90.2,94.1,85.5,456,194,400,208,16.3,41.8,58,11.6,8.6
Lange, Alex,656638,104,11.5,35.6,112.2,93.9,95.8,92.9,449,169,392,55,17.9,52.9,14,13.5,8.6
Bukauskas, J.B.,656266,60,9.8,36.7,108.3,89.9,96.9,83.2,437,170,420,23,16.7,38.3,7,11.7,8.6
Watkins, Spenser,657093,199,17.1,38.2,115.2,90.7,94.5,86.6,447,194,401,76,17.3,38.2,22,11.1,8.6
Hale, David,571735,85,11.7,37.6,113.4,89.3,93.3,86.9,433,177,400,37,17.2,43.5,10,11.8,8.6
Garza, Justin,621057,81,12.6,44.4,110.4,92.1,96.9,87.3,427,193,407,43,20.0,53.1,11,13.6,8.6
Rosso, Ramón,665759,25,11.3,48.0,113.4,91.2,94.5,89,437,172,418,10,13.7,40.0,3,12.0,8.6
Espino, Paolo,502179,337,17.5,39.5,112.2,89.6,94.3,85.2,455,191,409,146,18.5,43.3,39,11.6,8.6
Ginkel, Kevin,656464,82,15.7,41.5,109.2,86.4,91.5,80.9,441,179,404,30,12.0,36.6,11,13.4,8.5
Camarena, Daniel,547176,37,14.2,43.2,109.3,91.1,95.8,88.5,426,183,419,20,22.7,54.1,4,10.8,8.5
Morgan, Eli,669212,270,19.4,40.4,115.2,89.5,93.4,84.9,428,204,392,115,16.2,42.6,32,11.9,8.4
Archer, Chris,502042,54,20.3,33.3,111.6,92.1,94.8,88.6,444,205,415,27,18.0,50.0,7,13.0,8.4
Davidson, Tucker,656353,57,9.3,36.8,107.3,89.3,94.1,85.5,444,178,435,23,15.4,40.4,7,12.3,8.4
Keller, Kyle,664918,92,22.7,33.7,108.3,90.3,92.8,87.8,414,203,385,33,10.8,35.9,13,14.1,8.4
Gonzales, Marco,594835,430,20.6,37.4,116.5,88.1,93.5,83.7,463,185,395,159,14.3,37.0,49,11.4,8.4
Dobnak, Randy,677976,187,2.3,31.0,118.3,91.7,97.4,88.4,425,134,398,104,29.0,55.6,19,10.2,8.3
Junis, Jakob,596001,115,11.6,39.1,114.7,91.2,93.9,90.4,432,168,399,50,17.8,43.5,14,12.2,8.3
García, Edgar,658305,51,9.3,33.3,110.6,89,93.4,85.5,418,158,388,16,13.8,31.4,6,11.8,8.3
Kela, Keone,605309,32,17.7,37.5,108.6,89.5,92.3,88,399,181,381,13,15.7,40.6,4,12.5,8.3
Lambert, Jimmy,669424,42,23.2,40.5,109.4,89,94.7,83.9,419,226,407,18,15.3,42.9,5,11.9,8.3
Sheffield, Justus,656954,274,10.2,31.8,115.8,92.9,96.7,90.3,434,163,404,129,19.9,47.1,32,11.7,8.3
Sampson, Adrian,592716,103,14.2,31.1,110.4,89.1,92.9,85.2,446,176,409,44,16.1,42.7,12,11.7,8.3
Ellis, Chris,595939,82,23,41.5,114.9,92.6,95.7,91.6,423,190,397,43,19.2,52.4,10,12.2,8.3
Plutko, Adam,592644,181,23.2,38.7,113.1,91.3,93.4,89.1,439,207,401,72,14.9,39.8,21,11.6,8.2
Rowen, Ben,594985,37,16.2,37.8,110,88.1,92.1,83.6,428,187,418,11,13.4,29.7,4,10.8,8.2
Baldonado, Alberto,593604,30,21.3,46.7,107.6,87.3,93,85.3,436,200,411,8,8.8,26.7,4,13.3,8.2
Wittgren, Nick,621295,178,8.6,36.0,112.1,91.9,95.3,89.4,449,169,388,91,19.3,51.1,21,11.8,8.1
Scrubb, Andre,668687,51,22.3,41.2,108,89,89.5,91.1,427,190,403,19,14.7,37.3,7,13.7,8.1
Clippard, Tyler,461325,76,23.5,35.5,108.1,88.1,91.7,82.8,428,217,403,29,15.3,38.2,9,11.8,8.1
De Los Santos, Enyel,660853,103,17.6,31.1,113.7,88.9,95.3,82.3,444,171,404,42,11.2,40.8,14,13.6,8.1
Milner, Hoby,571948,64,17.6,50.0,107.2,89.4,92,86.8,424,220,396,28,15.2,43.8,8,12.5,8.1
Jones, Nate,518858,60,18.4,38.3,112.8,90.1,95.3,87.1,432,193,407,28,17.4,46.7,7,11.7,8.0
Stashak, Cody,664054,38,24.2,44.7,107.8,91.2,94.1,87.1,415,200,399,16,10.5,42.1,6,15.8,8.0
Santana, Ervin,429722,201,13.8,38.8,115.5,90.2,94,87.2,451,193,423,88,17.3,43.8,22,10.9,7.9
Detmers, Reid,672282,69,18.4,36.2,107.6,88.8,92.1,83.8,424,194,413,23,12.7,33.3,8,11.6,7.9
Thornton, Trent,663423,144,14.1,34.7,115.2,90.4,96,85.4,431,174,395,68,15.8,47.2,17,11.8,7.9
Allard, Kolby,663465,395,15.2,34.4,112.9,89.8,93.3,86,436,183,405,154,15.5,39.0,42,10.6,7.9
Jewell, Jake,657228,36,11.9,36.1,109.9,84.9,87.5,84.4,411,158,387,13,12.0,36.1,4,11.1,7.8
Ponce, Cody,664074,131,12,38.9,110.9,88.5,95.1,82.6,466,181,398,50,14.3,38.2,14,10.7,7.8
Springs, Jeffrey,605488,102,13.8,39.2,112.9,87.6,93.6,80.2,443,191,389,37,10.7,36.3,14,13.7,7.8
Gray, Josiah,680686,196,21.9,32.1,110.9,88.3,94.4,81.3,426,197,393,71,12.0,36.2,24,12.2,7.8
Kowar, Jackson,663804,103,14.6,42.7,116.6,92.8,93.8,93.8,460,198,411,54,20.1,52.4,12,11.7,7.8
Wilson, Bryse,669060,253,14.3,34.8,110.7,89.1,93.8,84.6,415,178,393,108,18.8,42.7,25,9.9,7.8
Fulmer, Carson,608334,76,7.8,32.9,111.8,89.3,93.6,86.2,411,158,405,33,17.6,43.4,9,11.8,7.8
Bedrosian, Cam,592135,76,18.3,34.2,110.2,87.9,94,83,423,177,382,32,14.9,42.1,9,11.8,7.8
Guduan, Reymin,594056,55,11.7,47.3,110.9,90.5,91.7,91.4,386,179,386,22,19.6,40.0,5,9.1,7.7
De León, José,592254,45,14.6,46.7,107.7,89,95,81.9,445,192,408,20,12.7,44.4,7,15.6,7.7
Tice, Ty,676709,27,18.2,48.1,108.8,88.2,94.5,72.7,372,230,372,9,14.3,33.3,3,11.1,7.7
Velasquez, Vince,592826,262,20.6,38.9,115.3,90.8,94.1,86.8,446,196,403,117,14.4,44.7,32,12.2,7.7
Allen, Logan,663531,164,8.8,35.4,118,90.2,94.4,86.1,442,165,408,74,19.0,45.1,17,10.4,7.7
Hudson, Daniel,543339,119,19.9,37.8,115.2,90.5,94.2,83.8,438,210,408,52,11.5,43.7,16,13.4,7.6
Castano, Daniel,641447,70,14,38.6,109.9,86,91.7,79.9,433,176,414,26,15.9,37.1,7,10.0,7.6
Perdomo, Angel,622780,33,15.5,27.3,108.5,90.9,96.9,82.6,438,204,418,14,9.7,42.4,6,18.2,7.6
Hernandez, Elieser,622694,155,17.5,32.9,116.5,90.2,93.6,88,469,185,411,61,14.6,39.4,17,11.0,7.6
Thielbar, Caleb,573204,166,20.8,32.5,113.5,88.4,94.1,81.7,437,198,408,65,11.9,39.2,20,12.0,7.5
Keller, Brad,641745,422,7.9,37.0,114.1,89.9,95,86.1,485,159,413,190,18.2,45.0,46,10.9,7.5
Detwiler, Ross,446321,139,15.3,30.2,112.1,88.3,93,84.9,446,171,407,52,13.0,37.4,17,12.2,7.4
Wright Jr., Mike,605541,57,10.1,26.3,112.3,86.8,88.1,86.6,422,150,422,20,14.4,35.1,6,10.5,7.4
Lynch, Daniel,663738,221,14.5,33.0,114.5,90.7,95.7,87.1,457,181,423,98,16.5,44.3,23,10.4,7.4
Shoemaker, Matt,533167,213,12.2,31.5,111.5,89.1,93,85.8,447,167,411,86,16.4,40.4,21,9.9,7.4
Wacha, Michael,608379,372,13.3,39.8,118.6,89.9,94.2,86.7,453,173,401,160,15.2,43.0,39,10.5,7.4
Workman, Brandon,519443,90,7.8,40.0,109.5,93.2,96.5,89.1,407,179,385,48,23.2,53.3,10,11.1,7.4
Castro, Anthony,621593,66,13.9,24.2,105.9,89.8,94.5,89.2,414,148,372,31,15.3,47.0,8,12.1,7.3
Anderson, Brett,474463,321,3.1,30.8,112.9,90.9,96.9,87.3,430,138,407,151,24.4,47.0,30,9.3,7.3
Abbott, Cory,676265,59,17,32.2,113.9,92.3,95.7,89.9,421,180,392,26,16.7,44.1,6,10.2,7.3
Means, John,607644,426,20.3,36.9,115.9,87.9,93.5,82.3,461,186,398,161,13.8,37.8,43,10.1,7.3
Rogers, Josh,642028,113,18.1,38.9,111.2,89.5,93.7,83.9,424,204,396,48,18.8,42.5,11,9.7,7.3
Voth, Austin,608723,160,15.4,40.6,111.4,88.6,93.3,84.8,432,174,410,66,13.5,41.3,18,11.3,7.3
Miller, Justin,502522,62,19.1,38.7,113.5,91.7,95.5,86.3,450,199,423,27,18.4,43.5,6,9.7,7.2
Kikuchi, Yusei,579328,436,7.9,37.2,115.5,91.9,95.4,89.3,438,163,406,205,16.6,47.0,48,11.0,7.2
Stripling, Ross,548389,305,17.2,33.4,119,90,95.2,85,446,189,405,123,15.5,40.3,31,10.2,7.2
Plesac, Zach,668676,456,12.3,31.8,115.6,90.7,95,86.6,475,170,409,198,17.6,43.4,43,9.4,7.2
Mize, Casey,663554,442,9.3,32.8,112.5,89.1,93.6,86,462,162,407,177,16.5,40.0,44,10.0,7.2
Rodríguez, Richard,593144,197,22.8,31.5,111,91.5,94.5,89.2,448,204,412,87,17.5,44.2,18,9.1,7.2
Smyly, Drew,592767,385,15,35.8,111.6,88.8,92.6,85.8,453,179,406,150,14.2,39.0,39,10.1,7.1
Kriske, Brooks,621139,38,23.1,26.3,108.4,91.5,97.1,85.5,420,186,379,18,18.9,47.4,4,10.5,7.1
Rucker, Michael,621074,83,11.9,36.1,113.5,90.8,95.5,86.6,442,176,405,38,15.6,45.8,9,10.8,7.1
Oswalt, Corey,621261,30,18.6,70.0,107.1,90.6,93.8,85.1,346,227,346,18,20.7,60.0,3,10.0,7.1
González, Chi Chi,592346,358,11.8,39.7,113.6,90.2,94.1,87,435,178,407,161,20.5,45.0,32,8.9,7.1
Wells, Tyler,669330,146,25,39.0,117.1,89.9,93.4,86,434,216,396,60,12.2,41.1,16,11.0,7.1
Eshelman, Thomas,664045,104,19,31.7,112.9,88.6,92.7,84.9,459,183,409,35,18.0,33.7,9,8.7,7.1
Castro, Kervin,665645,39,16.3,33.3,107.8,87.5,88.6,88.5,395,170,,11,11.2,28.2,4,10.3,7.1
Brault, Steven,643230,95,11,30.5,108.7,89.7,93.2,85,425,178,414,42,17.4,44.2,9,9.5,7.1
Farrell, Luke,608652,75,13.3,42.7,115.9,91.4,94.3,88.7,431,185,418,32,15.2,42.7,8,10.7,7.1
Greene, Shane,572888,71,21.3,28.2,111.8,89.7,95.9,89.1,424,173,386,29,14.4,40.8,8,11.3,7.1
Marshall, Evan,605359,78,12.9,33.3,106.7,87.3,93.8,82.2,427,168,392,26,12.7,33.3,8,10.3,7.1
Quintana, José,500779,176,12.7,38.1,116.4,90.6,94.9,87.3,446,165,400,80,14.1,45.5,21,11.9,7.1
Bundy, Dylan,605164,273,14.9,35.5,116.4,89.2,93,85.6,446,181,406,105,15.5,38.5,28,10.3,7.1
Hendrix, Ryan,641682,90,13.7,41.1,109.1,91.8,94.6,90.1,419,189,391,40,18.3,44.4,10,11.1,7.0
Petit, Yusmeiro,433589,263,19.7,32.7,111.9,86.5,92.6,80.8,446,174,406,79,14.2,30.0,22,8.4,7.0
Zimmermann, Bruce,669145,205,13.7,36.6,119.3,91,94.7,88.2,443,174,415,92,18.0,44.9,20,9.8,7.0
Ríos, Yacksel,605441,73,13.6,27.4,114,86.5,93.1,84.4,432,163,399,32,16.0,43.8,8,11.0,7.0
Ryan, Joe,657746,65,24.6,30.8,113.4,87.1,90.4,79.2,451,205,420,20,9.2,30.8,7,10.8,7.0
Foltynewicz, Mike,592314,444,16.1,36.7,116.5,89.8,94.9,84.9,472,186,403,191,18.1,43.0,41,9.2,7.0
Chapman, Aroldis,547973,105,12.1,38.1,114.3,88,94.8,82.5,457,170,422,42,9.5,40.0,17,16.2,7.0
Green, Chad,643338,199,24.9,30.7,115.6,89.1,93.6,86.1,453,193,385,87,12.6,43.7,22,11.1,7.0
Reed, Jake,596082,31,14,41.9,109.7,90.5,92.8,89.3,443,169,443,11,14.9,35.5,3,9.7,7.0
Diaz, Miguel,622766,107,11.7,37.4,111.4,90.5,95.7,85.2,427,174,401,47,15.7,43.9,12,11.2,7.0
McClanahan, Shane,663556,337,8.5,36.5,117.3,91.7,95.8,88.2,438,164,401,154,15.8,45.7,36,10.7,7.0
Megill, Trevor,656730,76,16.7,36.8,108.9,91.3,96.4,88.7,421,182,396,35,16.2,46.1,8,10.5,7.0
Keuchel, Dallas,572971,558,5,34.2,115.6,88.3,93.3,85.2,449,142,398,222,18.5,39.8,50,9.0,6.9
Walker, Taijuan,592836,449,12.6,30.3,115.9,89.2,93.5,85.4,444,174,401,177,15.2,39.4,45,10.0,6.9
Tomlin, Josh,458708,175,17.9,38.3,111,89.1,91.9,87.1,464,188,402,69,15.8,39.4,15,8.6,6.9
Blackburn, Paul,621112,137,9.7,32.8,115.9,90.5,94.5,89,428,157,391,70,24.5,51.1,12,8.8,6.9
Urquidy, José,664353,312,20.6,35.3,111.4,88.6,93,84,442,191,393,112,13.0,35.9,29,9.3,6.9
Suero, Wander,593833,127,18.9,37.0,109.5,89,93.7,85.5,410,180,385,55,14.8,43.3,13,10.2,6.8
Peters, Dillon,596071,83,11,30.1,110.8,89,95.1,83.4,407,161,391,34,14.9,41.0,8,9.6,6.8
Moll, Sam,594580,29,6.5,24.1,109.5,90,93.6,89.2,360,144,360,11,18.3,37.9,3,10.3,6.8
Romero, JoJo,668941,31,5.5,38.7,106.2,88.9,91.5,86.8,411,158,389,10,11.9,32.3,3,9.7,6.8
Akin, Keegan,669211,303,17.8,33.7,114.4,89.8,93.8,86.5,431,186,397,130,15.0,42.9,29,9.6,6.8
LeBlanc, Wade,453281,171,16.9,39.2,112.8,87.9,91.5,85.2,432,185,405,63,17.0,36.8,15,8.8,6.8
Romano, Sal,607219,89,12.3,36.0,108.7,89.4,92,89.6,436,188,405,37,20.2,41.6,8,9.0,6.8
Bowden, Ben,641386,113,22.6,39.8,112.5,88.7,93.1,82.1,426,210,403,41,13.5,36.3,12,10.6,6.8
Diaz, Jhonathan,646242,42,10.3,40.5,104.7,86.5,91.3,83.3,403,164,403,14,12.7,33.3,4,9.5,6.8
Richards, Trevor,670950,151,22,33.1,112.4,90.4,93,90.5,432,205,396,70,14.1,46.4,17,11.3,6.8
Pineda, Michael,501381,347,15.3,33.4,114.7,91.2,93.6,89.1,434,178,396,162,18.5,46.7,31,8.9,6.8
Alzolay, Adbert,640470,352,10.8,33.5,114.4,89.3,93.5,85.5,479,167,404,134,14.0,38.1,35,9.9,6.7
Robles, Hansel,570663,179,11.9,30.7,111,91.1,96.6,86.8,424,171,404,85,14.8,47.5,20,11.2,6.7
Head, Louis,545343,90,24.6,22.2,116.7,87.4,89.8,89,404,182,398,25,9.0,27.8,9,10.0,6.7
Thompson, Ryan,657044,86,7.2,33.7,112.7,86.1,91.7,81.8,398,151,387,31,12.8,36.0,9,10.5,6.7
Lamet, Dinelson,659275,128,15.9,36.7,111.2,86.9,92,81.8,419,173,396,45,11.0,35.2,14,10.9,6.7
Pérez, Martín,527048,367,10.2,40.1,112.7,88.6,92.7,85.2,433,170,396,155,18.1,42.2,34,9.3,6.7
Jackson, Jay,543351,50,21.6,40.0,109.8,91.3,94.2,88.3,400,218,399,21,12.1,42.0,6,12.0,6.7
Feliz, Michael,593140,61,21.2,41.0,115.2,91.2,95.4,88.8,438,200,424,29,16.2,47.5,6,9.8,6.7
Cabrera, Edward,665795,69,8.5,49.3,111,90.3,93.6,84.4,435,178,412,35,16.7,50.7,8,11.6,6.7
Wantz, Andrew,681806,67,20.8,49.3,109.5,87.8,92,85.7,447,213,408,23,10.0,34.3,8,11.9,6.7
Barraclough, Kyle,607457,32,20.6,37.5,111.4,87.5,92.7,81.4,408,197,382,9,7.7,28.1,4,12.5,6.7
Corbin, Patrick,571578,544,9,32.9,112.9,89.4,94.4,85.7,475,163,399,224,17.2,41.2,50,9.2,6.7
Luzardo, Jesús,666200,287,14.3,35.9,115.8,89.5,93,86.5,442,188,409,112,13.9,39.0,29,10.1,6.6
Lyles, Jordan,543475,560,15.3,35.4,115.5,89.9,94.3,85.2,465,186,396,233,16.4,41.6,51,9.1,6.6
Rainey, Tanner,663432,81,23.4,34.6,109.9,91.9,95.5,87.1,427,216,399,38,12.0,46.9,10,12.3,6.6
Arrieta, Jake,453562,336,9.5,37.2,114.3,90.9,94.6,87.3,465,172,407,149,20.1,44.3,31,9.2,6.6
Hentges, Sam,656529,218,10.9,33.9,114.2,89.1,93.4,86.2,460,159,411,93,16.3,42.7,21,9.6,6.6
Wells, Alexander,649144,152,18.4,36.8,113.8,89.6,94,86.6,428,187,392,72,22.3,47.4,13,8.6,6.6
Megill, Tylor,656731,250,13.8,30.4,113.3,89.9,93.9,87.3,451,175,408,105,13.6,42.0,25,10.0,6.6
Ober, Bailey,641927,263,19.7,35.7,111.3,89.1,92.6,86.1,439,195,385,111,15.0,42.2,25,9.5,6.6
Ureña, José,570632,343,8.2,31.8,118.8,90.8,95.4,88.1,433,148,396,164,20.9,47.8,30,8.7,6.6
Minor, Mike,501985,474,16.5,35.0,114.2,88.5,92.5,86.3,453,175,410,170,13.4,35.9,44,9.3,6.6
Odorizzi, Jake,543606,313,17.3,31.3,112.2,89.7,93.7,85,431,184,387,123,13.6,39.3,29,9.3,6.6
Weaver, Luke,596133,192,14.5,35.9,112.2,90.1,93.1,86.5,436,188,406,79,14.0,41.1,18,9.4,6.5
Uceta, Edwin,670955,55,23.1,30.9,110.5,89.9,92.7,88.1,407,185,398,20,11.6,36.4,6,10.9,6.5
Anderson, Chase,502624,157,13.5,34.4,114.2,85,93.2,75.5,437,176,401,56,14.3,35.7,14,8.9,6.5
Young, Alex,622065,173,9.7,38.2,111.9,90.2,93,88.1,463,160,411,69,15.6,39.9,16,9.2,6.5
Faria, Jake,607188,107,14.8,34.6,107.5,90.1,92.3,88,418,186,396,43,15.9,40.2,10,9.3,6.5
Ryan, Kyle,594986,48,0.6,33.3,109.3,89.8,93.4,87.3,385,134,373,25,28.4,52.1,4,8.3,6.5
Fedde, Erick,607200,409,8.1,31.1,113.7,90,93.8,87.9,444,156,405,166,15.6,40.6,38,9.3,6.4
Sewald, Paul,623149,135,21.1,36.3,112.8,88.3,95.7,78.5,465,211,397,54,9.8,40.0,17,12.6,6.4
Sawamura, Hirokazu,617228,138,11.3,29.0,111.3,89.5,93.8,87.3,443,150,404,59,13.3,42.8,15,10.9,6.4
Davies, Zach,605200,473,11,35.7,112.2,89.9,93.1,86.9,441,170,400,205,18.6,43.3,43,9.1,6.4
Farmer, Buck,571656,108,14.7,36.1,116.6,91.2,96.4,86,436,184,399,49,15.0,45.4,11,10.2,6.4
Middleton, Keynan,641871,95,18.1,37.9,111.6,88.9,92,86.6,404,183,397,30,10.6,31.6,9,9.5,6.4
Anderson, Tyler,542881,530,18.2,34.9,114.7,87,91.4,82.2,433,186,396,175,12.5,33.0,45,8.5,6.4
Hendricks, Kyle,543294,597,11.2,37.2,112.2,86.3,92.2,81.8,453,163,401,197,14.5,33.0,50,8.4,6.4
Anderson, Ian,666120,357,6.4,29.4,117.3,88.3,94.5,84.4,453,151,412,138,14.0,38.7,34,9.5,6.4
Gomber, Austin,596295,331,12.1,32.9,113.2,88.1,93.3,83.4,463,174,404,112,13.1,33.8,31,9.4,6.4
Foster, Matt,641582,119,21.3,37.0,109.5,90.3,91.4,91.2,447,208,404,53,14.8,44.5,11,9.2,6.3
Paddack, Chris,663978,337,10.7,34.4,113.6,90.5,94.2,87.2,455,173,404,144,15.7,42.7,29,8.6,6.3
Strasburg, Stephen,544931,59,14.8,39.0,109.6,92.2,94.1,89.2,398,189,386,27,20.9,45.8,6,10.2,6.3
Davis, Wade,451584,131,17.1,42.0,114.3,90.4,93.4,88.4,445,190,411,61,16.4,46.6,12,9.2,6.3
López, Reynaldo,625643,154,13.6,39.0,109.5,89.3,93.8,84.6,428,179,399,59,12.9,38.3,14,9.1,6.3
López, Jorge,605347,377,5.7,35.0,117.9,89.7,95,86.2,457,150,395,164,17.4,43.5,35,9.3,6.3
Crowe, Wil,640444,350,13.7,33.4,112.6,88.8,93.9,84.8,444,171,403,130,13.5,37.1,33,9.4,6.3
Zimmer, Kyle,622092,146,10.7,26.7,112.8,89.1,93.4,86.2,459,154,422,56,13.8,38.4,14,9.6,6.3
Ryu, Hyun Jin,547943,519,9.8,33.3,113.9,89.6,93.4,87.6,463,162,398,216,17.0,41.6,44,8.5,6.3
Peterson, David,656849,184,10.3,38.0,117.3,90.4,96.7,85.1,451,169,412,79,15.3,42.9,18,9.8,6.3
Brice, Austin,592169,41,16.9,22.0,106.7,93.1,96.7,90.2,378,170,373,21,17.4,51.2,4,9.8,6.3
Stewart, Kohl,640464,45,8.4,28.9,110.9,91.8,96.3,89.8,411,144,384,22,22.2,48.9,4,8.9,6.3
Benjamin, Wes,605138,76,20.8,39.5,111.8,90.5,93.2,87.7,451,203,407,28,12.8,36.8,7,9.2,6.3
Bauer, Trevor,545333,255,19.2,34.1,115,90.3,95.2,84.4,444,193,397,108,13.4,42.4,27,10.6,6.3
Wade, Konner,592831,48,14.6,35.4,109.6,90.3,90.6,91.8,380,169,362,21,17.8,43.8,4,8.3,6.3
Barnes, Jacob,606930,83,10.3,25.3,112.4,90,94.9,85.5,444,163,405,33,12.4,39.8,8,9.6,6.3
Mazza, Chris,607391,82,18.2,30.5,109.4,85.5,92.5,80.3,425,171,386,23,11.1,28.0,7,8.5,6.3
Weathers, Ryan,677960,296,12.2,34.1,114,90.4,94.3,88,445,168,398,128,17.7,43.2,25,8.4,6.2
Alexander, Tyler,641302,332,18,33.4,117.7,88.4,92.5,85.6,438,179,401,130,15.9,39.2,28,8.4,6.2
Colomé, Alex,517008,205,4.4,30.2,117.1,90.6,95.4,87.1,437,150,394,85,15.8,41.5,18,8.8,6.2
Alexy, A.J.,669935,62,22.7,40.3,111,87.6,91.9,84.3,434,208,388,20,10.8,32.3,6,9.7,6.2
Snell, Blake,605483,308,12.5,39.3,112.7,89.3,93.8,84.8,456,185,412,127,12.3,41.2,34,11.0,6.2
Kaprielian, James,621076,333,19,37.2,116.2,90.1,93.5,88.8,440,189,403,141,15.3,42.3,31,9.3,6.2
Milone, Tommy,543548,45,7.5,40.0,104.2,87.2,93.7,78.9,411,171,402,18,15.7,40.0,4,8.9,6.2
Canning, Griffin,656288,186,16.8,32.3,111.3,89.6,94.5,85.1,451,182,404,73,13.7,39.2,17,9.1,6.1
Gallegos, Giovanny,606149,189,20.7,34.4,110.5,89,93,85,424,193,390,73,11.5,38.6,19,10.1,6.1
Baz, Shane,669358,28,20.3,32.1,111.7,88.3,92.8,86.8,428,176,418,9,8.8,32.1,3,10.7,6.1
Bubic, Kris,663460,376,9.1,34.8,112.6,88.8,94.5,85.5,470,158,408,149,15.2,39.6,34,9.0,6.1
Alcala, Jorge,660896,153,11.7,30.7,113.3,86.9,91.5,83.8,419,166,400,57,12.1,37.3,14,9.2,6.1
Heaney, Andrew,571760,360,18.5,33.9,113.6,89.3,93,86.1,434,195,397,141,12.5,39.2,34,9.4,6.1
Martínez, Carlos,593372,259,8.6,30.9,113.6,89.9,94.1,87.6,448,147,417,110,18.7,42.5,22,8.5,6.1
Fernández, Julian,642759,25,13.4,28.0,108.2,91.1,94.8,86.8,433,195,432,10,18.2,40.0,2,8.0,6.1
Thorpe, Lewis,626929,53,8.2,28.3,112.2,88.7,96.4,85.8,425,125,413,25,21.4,47.2,4,7.5,6.1
Smith, Drew,622098,106,19.3,33.0,109.6,89.5,95.3,84.4,428,180,407,43,13.7,40.6,10,9.4,6.1
Gutierrez, Vladimir,661269,357,13.7,27.5,112.6,88.9,93.1,85.7,444,171,397,138,16.5,38.7,30,8.4,6.0
Civale, Aaron,650644,364,12.1,33.8,116.7,88.3,93.5,85.3,447,169,403,143,15.9,39.3,30,8.2,6.0
Toussaint, Touki,657053,140,10.5,30.0,111.8,92.1,95.2,91.4,443,161,416,68,20.0,48.6,13,9.3,6.0
Givens, Mychal,571710,133,15.2,38.3,111.9,85.5,91.3,79.4,424,182,406,36,9.5,27.1,13,9.8,6.0
Berríos, José,621244,517,12.4,36.6,115.5,88.4,92.5,86.4,437,169,408,198,13.9,38.3,47,9.1,6.0
Harvey, Matt,518774,445,13.3,36.4,115,89.5,92.5,87.9,452,170,410,182,17.1,40.9,35,7.9,6.0
Robertson, David,502085,30,15.1,43.3,105.1,91.1,92.8,89.5,407,176,404,14,15.7,46.7,3,10.0,6.0
Jackson, Andre,656578,34,23.4,26.5,111.4,89.2,90.2,88.4,431,201,431,9,9.3,26.5,3,8.8,6.0
Richards, Garrett,572070,437,10.6,34.6,115.5,91.1,95.5,88.7,435,159,400,209,18.3,47.8,37,8.5,6.0
Moore, Matt,519043,231,16,35.1,119.6,89.5,92.6,87.3,424,179,391,88,14.9,38.1,20,8.7,6.0
Davis, Austin,656354,76,14.4,39.5,108,85.2,92.1,83.5,437,153,412,28,13.5,36.8,7,9.2,6.0
Manning, Matt,666159,291,11.8,32.0,115.4,91.4,93.2,91.1,460,164,400,123,18.4,42.3,23,7.9,6.0
Yarbrough, Ryan,642232,500,17.3,37.6,117.4,84.8,89.9,80.3,461,176,401,141,11.7,28.2,39,7.8,6.0
Law, Derek,571882,45,10.8,35.6,109.3,89.9,93.4,87.3,401,167,382,19,13.6,42.2,4,8.9,6.0
Gilbert, Logan,669302,341,19.2,35.5,115.3,90.1,93.4,88,430,195,396,152,14.1,44.6,30,8.8,6.0
Widener, Taylor,642203,202,17.8,38.6,111.9,89.9,94.2,85.1,483,204,416,91,16.5,45.0,19,9.4,6.0
Ray, Robbie,592662,469,17.6,34.3,115.3,90.4,93.9,88.6,455,183,403,202,12.4,43.1,46,9.8,6.0
Brubaker, JT,664141,362,12.5,33.4,115.9,89,94.2,84.6,470,172,405,140,15.3,38.7,32,8.8,5.9
Brothers, Rex,571521,120,15.8,39.2,115.4,91.5,93.3,89.8,432,198,413,54,12.5,45.0,14,11.7,5.9
Cole, Gerrit,543037,440,12.5,33.0,114.1,88.7,93.1,85,451,171,399,170,11.7,38.6,43,9.8,5.9
Ynoa, Huascar,660623,243,7.7,34.2,119.2,90.7,95.1,87.8,431,164,400,106,15.2,43.6,22,9.1,5.9
Mikolas, Miles,571945,142,10.1,28.2,109.3,87.9,92.5,86.2,429,146,408,53,15.4,37.3,11,7.7,5.9
García, Yimi,554340,158,15.4,35.4,115.4,89.4,93.1,87.9,454,173,416,59,12.4,37.3,14,8.9,5.9
Carrasco, Carlos,471911,169,10.6,34.9,114.2,89.1,93.9,83.1,434,173,408,65,14.3,38.5,14,8.3,5.9
Lester, Jon,452657,478,10.6,33.1,116,88.3,92.7,84.6,452,163,399,178,16.3,37.2,37,7.7,5.9
Flaherty, Jack,656427,205,13.4,38.0,113.2,89.8,93.4,86.5,453,184,396,85,14.1,41.5,19,9.3,5.9
Hill, Rich,448179,440,18,36.6,114.3,88.3,93,83,447,190,402,153,13.4,34.8,39,8.9,5.9
Mejía, J.C.,650496,164,8,31.1,116.4,91,94.8,88.8,446,159,402,75,16.7,45.7,14,8.5,5.9
Kolarek, Adam,592473,41,-2,19.5,112,90.1,97.1,87.7,418,114,397,14,17.7,34.1,3,7.3,5.9
Biddle, Jesse,592145,30,8.1,30.0,109.5,89.2,97.7,83.4,380,151,380,9,12.7,30.0,3,10.0,5.9
McKenzie, Triston,663474,298,21.6,36.2,120.1,90.3,94.2,86.2,438,195,400,126,13.2,42.3,29,9.7,5.9
Sánchez, Miguel,667376,81,11.3,39.5,110.7,89.6,93.3,84.9,423,179,407,31,12.6,38.3,7,8.6,5.8
Freeland, Kyle,607536,368,11.4,34.5,116,88.4,92.8,85.3,477,163,409,130,15.2,35.3,30,8.2,5.8
Strickland, Hunter,519326,160,20.3,33.8,112.4,86.9,92.3,80.5,452,179,414,47,9.8,29.4,14,8.8,5.8
Elledge, Seth,676220,33,13.1,36.4,110.1,89.9,91.9,89.7,392,176,392,13,14.9,39.4,3,9.1,5.8
DeSclafani, Anthony,543101,480,11.7,32.3,115.7,88.9,92.9,86.5,427,167,399,186,14.9,38.8,39,8.1,5.8
Bass, Anthony,542914,175,10.7,33.7,111.9,88.8,93.3,85.7,428,173,399,70,16.2,40.0,15,8.6,5.8
Thompson, Keegan,624522,154,12.9,33.1,111.9,90.1,94.5,87,464,162,408,68,15.1,44.2,14,9.1,5.8
Hembree, Heath,592390,134,23.4,29.9,110.8,89.2,92.5,87.9,414,193,391,55,10.5,41.0,14,10.4,5.8
Brach, Brad,542960,87,14.4,29.9,113.6,89.1,90.8,89.3,440,176,415,31,12.1,35.6,8,9.2,5.8
Hand, Brad,543272,185,14.4,36.2,114.2,88.2,92.2,84.8,443,179,394,69,15.2,37.3,16,8.6,5.8
Lucchesi, Joey,664192,102,16.5,34.3,112.7,90.5,93.3,88,450,177,412,41,14.1,40.2,9,8.8,5.7
Neidert, Nick,663734,108,18,33.3,110.9,89,93.3,84.6,434,180,413,39,14.4,36.1,9,8.3,5.7
Diekman, Jake,518617,141,16.6,37.6,108.7,90,92.4,88.2,423,187,387,56,11.4,39.7,15,10.6,5.7
Mejía, Humberto,650668,76,17.1,42.1,110.8,90,92.2,87.9,464,195,411,26,12.4,34.2,6,7.9,5.7
Patiño, Luis,672715,227,20.6,34.8,115.5,89.8,92.8,87.9,430,195,402,92,13.2,40.5,19,8.4,5.7
Kennedy, Ian,453178,147,26.7,35.4,115.4,90.8,93.6,91.8,434,203,403,66,13.7,44.9,13,8.8,5.7
Diplán, Marcos,650959,84,15.8,33.3,112.2,90.3,93.3,89.5,423,174,399,33,14.0,39.3,7,8.3,5.7
Kintzler, Brandon,445213,110,3.1,33.6,114.4,91.7,95.9,89.6,465,142,409,53,22.7,48.2,8,7.3,5.7
Clarke, Taylor,664199,141,15.8,34.8,113.1,91.9,93.2,92.4,418,184,392,61,15.8,43.3,11,7.8,5.7
Montas, Frankie,593423,506,11.8,34.4,114.5,89.3,94,86,447,168,403,214,14.1,42.3,44,8.7,5.7
Ross, Joe,605452,309,12.2,34.6,111.8,87.6,91.5,84.1,427,170,394,115,14.8,37.2,26,8.4,5.7
Cease, Dylan,656302,405,18.5,36.8,115.2,89.2,92.7,85.9,453,187,387,157,11.4,38.8,40,9.9,5.6
Smith, Riley,642092,246,10.4,38.6,111.1,89.4,92.6,86.7,457,174,408,101,20.1,41.1,17,6.9,5.6
Taillon, Jameson,592791,413,20.7,33.9,114.5,88.9,92.8,87,438,188,385,167,13.9,40.4,34,8.2,5.6
Boyd, Matthew,571510,240,17.1,28.8,112.9,87.8,92.7,85.3,409,175,389,87,13.5,36.3,19,7.9,5.6
Yardley, Eric,642233,71,0.5,26.8,112.3,85.6,94.7,80.4,456,127,414,29,23.2,40.8,5,7.0,5.6
Castellanos, Humberto,528748,149,13.2,29.5,114.1,87.9,92,84.8,453,168,407,51,15.7,34.2,11,7.4,5.6
Irvin, Cole,608344,591,16.2,35.5,115.9,89.3,93,86.2,466,180,394,232,16.8,39.3,43,7.3,5.6
Vesia, Alex,681911,83,23.5,33.7,109.2,87.6,93.2,78.4,438,213,398,29,9.3,34.9,9,10.8,5.6
Garrett, Amir,607237,125,8.9,29.6,112.5,90.5,96.8,88.1,445,153,398,59,16.4,47.2,12,9.6,5.6
Darvish, Yu,506433,430,16.6,35.1,113.5,88.2,92.6,84.6,428,187,397,150,11.4,34.9,38,8.8,5.6
McFarland, T.J.,519008,114,-0.1,21.9,117.1,90.8,95.7,88.3,425,118,397,52,20.9,45.6,8,7.0,5.6
Harvey, Hunter,640451,27,9.5,25.9,109.1,90.5,94.9,90.2,395,161,395,11,16.2,40.7,2,7.4,5.6
Swanson, Erik,657024,98,22,30.6,106.9,87.7,90.3,85.5,426,180,396,30,9.9,30.6,8,8.2,5.6
Morimando, Shawn,596049,40,11.5,32.5,114.9,89.6,94,83.9,440,184,423,14,14.7,35.0,3,7.5,5.6
Morgan, Adam,605388,67,9,28.4,110.4,87.1,94,81.7,453,159,416,27,13.7,40.3,6,9.0,5.6
Ruiz, José,614179,183,14.5,33.9,116,92.1,95.2,90.2,416,175,395,90,17.9,49.2,15,8.2,5.5
Almonte, Yency,622075,137,13.9,32.8,110.2,87.3,92.9,83.1,477,167,422,48,12.9,35.0,12,8.8,5.5
Lauer, Eric,641778,329,18.2,37.1,115.9,89.8,92.2,87.5,466,189,404,122,13.0,37.1,27,8.2,5.5
Stanek, Ryne,592773,165,18.6,36.4,112.5,91,94.8,88,446,195,404,72,13.1,43.6,16,9.7,5.5
Misiewicz, Anthony,664948,167,13.1,29.9,115.6,90.7,94.4,88.6,431,168,395,75,16.2,44.9,13,7.8,5.5
Dunn, Justin,643290,136,20,33.1,111.9,89.4,92.9,87.8,441,189,403,51,12.6,37.5,12,8.8,5.5
Miller, Andrew,453192,103,10.9,31.1,112,86.7,92,80.6,414,177,401,38,14.2,36.9,9,8.7,5.5
Dunning, Dane,641540,347,6.7,31.1,118.5,89.3,94.6,86.9,426,142,396,151,17.3,43.5,28,8.1,5.5
Peralta, Wandy,593974,154,4.7,28.6,113.3,85.7,91.4,81.9,450,128,407,45,11.2,29.2,12,7.8,5.5
Peralta, Wily,503449,301,8.7,30.9,114,89.1,93.4,86.8,436,154,395,115,16.4,38.2,22,7.3,5.5
Antone, Tejay,622088,70,12.1,31.4,115.9,87.7,94.1,83.5,414,159,392,26,11.9,37.1,7,10.0,5.5
Cody, Kyle,621129,36,11.9,36.1,113.4,94.8,96.9,93.8,435,162,420,17,16.8,47.2,3,8.3,5.5
Quijada, José,650671,56,14.4,33.9,111.5,86,89.9,83.8,406,169,403,27,12.1,48.2,6,10.7,5.5
Hearn, Taylor,621368,303,15.7,37.0,110.9,88.5,91.5,86.3,446,181,405,116,14.6,38.3,24,7.9,5.4
Oviedo, Luis,665854,88,10.5,37.5,110.8,89.4,93,85.5,430,174,412,37,15.9,42.0,8,9.1,5.4
Manaea, Sean,640455,510,13.3,34.3,115.3,90.2,94.6,87.5,472,168,409,209,13.7,41.0,41,8.0,5.4
Reid-Foley, Sean,656887,57,14.1,42.1,108.8,90.3,95,85.1,398,179,397,29,16.8,50.9,5,8.8,5.4
Knehr, Reiss,663753,87,16.8,29.9,109.9,90.3,93.7,87.2,401,197,381,41,17.2,47.1,7,8.0,5.4
Javier, Cristian,664299,234,22.5,36.3,116.1,90.9,94.5,87.7,453,201,403,101,12.5,43.2,23,9.8,5.4
Otto, Glenn,657248,73,9.8,41.1,108.6,88.8,92.9,84.4,442,161,423,27,11.9,37.0,6,8.2,5.4
Frankoff, Seth,571676,52,9.9,26.9,109.1,85.2,92.8,79.8,464,151,445,19,15.8,36.5,4,7.7,5.4
Bumgarner, Madison,518516,439,18.8,38.0,112,88.9,93.3,84.2,429,195,397,169,15.1,38.5,33,7.5,5.4
Wilson, Justin,458677,102,16,22.5,112.5,86.9,91.1,87.2,471,153,411,37,13.1,36.3,8,7.8,5.4
Germán, Domingo,593334,283,14.7,34.3,114.3,89.4,93.5,86.6,446,175,386,111,14.1,39.2,22,7.8,5.4
Rodriguez, Jefry,622446,74,20.5,32.4,113,90.3,91.4,92.2,432,192,405,30,16.0,40.5,6,8.1,5.4
Helsley, Ryan,664854,132,12.5,32.6,112.6,90.9,95.7,88.2,442,162,410,57,15.6,43.2,11,8.3,5.3
Underwood Jr., Duane,621249,224,8.8,36.6,111.5,89.3,93.9,85.6,450,164,401,96,18.2,42.9,17,7.6,5.3
Staumont, Josh,622251,163,18,36.2,112.3,91.7,93.7,91.6,434,184,405,74,15.6,45.4,14,8.6,5.3
Smith, Will,519293,163,20.7,36.8,115.7,88.7,92,86.6,419,194,395,67,13.1,41.1,15,9.2,5.3
Taylor, Josh,657031,123,12,36.6,116.3,88.5,93.6,86.3,406,157,406,55,14.1,44.7,11,8.9,5.3
Conley, Adam,543045,52,14.6,26.9,113.9,86.5,90.9,85.3,424,142,390,18,12.1,34.6,4,7.7,5.3
Hendriks, Liam,521230,145,19.4,26.9,113.8,89.8,95,83.7,438,189,404,57,8.8,39.3,14,9.7,5.2
Webb, Jacob,657097,105,14.2,40.0,111.7,87.4,90.3,83,427,194,398,31,10.2,29.5,8,7.6,5.2
Oviedo, Johan,670912,194,7.3,35.6,112.8,87.7,91.9,84.3,436,157,413,69,14.3,35.6,15,7.7,5.2
Smith, Caleb,592761,306,23.7,35.6,110.9,86.8,90.6,81.3,467,201,396,89,9.4,29.1,26,8.5,5.2
Estévez, Carlos,608032,187,12.9,33.2,109.8,90.5,91.1,90.6,453,173,405,74,14.8,39.6,14,7.5,5.2
Bieber, Shane,669456,234,9.7,38.0,115.3,89.7,94.7,85.8,430,164,408,102,13.7,43.6,21,9.0,5.2
Effross, Scott,664123,36,9.8,36.1,110.4,90.5,91.2,89.7,380,172,377,14,14.0,38.9,3,8.3,5.2
Jefferies, Daulton,641726,45,6.2,37.8,108.4,88.8,91.1,85.8,384,156,384,16,14.3,35.6,3,6.7,5.2
Trivino, Lou,642152,204,9.8,31.4,115.5,87.4,90.5,85.7,423,153,405,69,12.7,33.8,16,7.8,5.2
Littell, Zack,641793,163,12.1,28.8,113.7,90.6,93.4,88.7,430,164,392,75,14.6,46.0,13,8.0,5.2
Pivetta, Nick,601713,416,16.7,33.2,116.7,89.7,93.3,86.9,495,178,402,168,12.8,40.4,34,8.2,5.1
Barnes, Charlie,656212,135,16.1,37.0,111.5,90.5,93.1,88,433,190,395,54,18.4,40.0,9,6.7,5.1
Romano, Jordan,605447,142,12.3,25.4,120,89.1,94.1,86.7,434,151,386,48,9.4,33.8,13,9.2,5.1
Fleming, Josh,676596,349,2.9,30.1,116.1,87.5,92.2,84.7,438,133,406,122,15.3,35.0,23,6.6,5.1
Iglesias, Raisel,628452,157,13.9,33.1,112.5,86.2,91.6,80.2,422,174,396,53,9.3,33.8,14,8.9,5.1
Feyereisen, J.P.,656420,148,19.4,29.7,111.5,89,93.2,85,442,178,409,59,12.3,39.9,12,8.1,5.1
McCaughan, Darren,670766,32,11.3,25.0,109.2,87.8,92.8,84.9,394,160,374,12,22.2,37.5,2,6.3,5.1
Kay, Anthony,641743,96,7.3,46.9,111.2,86.7,92.5,81,434,165,393,32,10.4,33.3,8,8.3,5.1
Abreu, Albert,656061,99,9.3,37.4,110.4,83.8,90.3,79.2,416,163,390,29,10.2,29.3,8,8.1,5.1
Lugo, Seth,607625,120,9.7,36.7,109.8,89.2,93.6,84.3,412,171,395,46,13.4,38.3,10,8.3,5.1
Borucki, Ryan,621366,65,6,20.0,111.3,89.1,94.8,87.8,450,132,407,24,15.3,36.9,5,7.7,5.1
Baragar, Caleb,670056,67,27.2,35.8,106.2,88.1,93.6,81.1,466,211,466,26,15.2,38.8,5,7.5,5.1
Hill, Tim,657612,170,2.8,22.9,112.4,87.4,91.9,85.9,444,131,403,66,14.5,38.8,13,7.6,5.1
Gilbert, Tyler,656457,118,17.4,24.6,112.2,88.9,93.9,86.3,444,179,420,40,12.7,33.9,8,6.8,5.1
King, Michael,650633,183,7.6,35.0,117.2,88.7,93.8,85,429,159,396,79,16.7,43.2,14,7.7,5.1
Kim, Kwang Hyun,547942,329,9.2,32.5,111.7,88,92.4,85.8,457,159,405,118,15.2,35.9,23,7.0,5.1
Mayers, Mike,594577,196,16,31.6,111.8,91,93.7,89.2,434,183,399,82,13.9,41.8,16,8.2,5.1
White, Mitch,669952,131,9.7,31.3,111.6,88.9,92.6,85.6,434,159,400,49,13.2,37.4,10,7.6,5.1
Gustave, Jandel,594311,57,7.3,38.6,111.5,89.1,88.1,90.1,430,154,415,21,15.0,36.8,4,7.0,5.1
Holloway, Jordan,656548,96,15.2,37.5,110.8,88.5,92.7,86.1,444,167,425,35,13.1,36.5,8,8.3,5.1
Sulser, Cole,642121,161,14.9,29.2,113.2,88.1,91.5,86.7,453,169,387,64,11.9,39.8,13,8.1,5.1
Coulombe, Danny,543056,99,10.4,34.3,112.6,90,94.1,86.9,432,160,415,39,14.1,39.4,7,7.1,5.0
Soria, Joakim,465657,106,18.2,34.9,109.3,88.3,91.7,86.4,430,186,401,41,13.4,38.7,8,7.5,5.0
Greinke, Zack,425844,539,10.6,35.3,113.2,88.3,93.1,84.2,464,161,398,191,16.1,35.4,35,6.5,5.0
Romo, Sergio,489265,176,17.4,35.2,110,84.9,90.6,78.8,440,173,398,41,9.1,23.3,13,7.4,5.0
Glasnow, Tyler,607192,190,13,31.1,113.9,91.5,95.7,88.2,444,164,403,89,13.6,46.8,17,8.9,5.0
Margevicius, Nick,676606,40,15.4,30.0,111.3,89.8,90.5,89.8,394,183,387,18,15.3,45.0,3,7.5,5.0
Tepera, Ryan,572193,143,14.7,27.3,114.8,87.3,92.2,84.5,393,163,380,50,10.8,35.0,12,8.4,5.0
Montgomery, Jordan,656756,446,12.1,35.4,114.9,87.9,92.6,84,472,168,396,163,12.6,36.5,33,7.4,5.0
Jackson, Luke,592426,160,6,28.8,116.4,90.5,94.7,87.9,470,146,420,65,12.9,40.6,13,8.1,5.0
Eflin, Zach,621107,324,11.8,33.0,116.1,87.9,91.2,85.7,445,160,399,127,15.9,39.2,22,6.8,5.0
Gallen, Zac,668678,330,12.5,32.4,111.3,89.2,93.4,85.7,430,172,403,142,15.4,43.0,26,7.9,5.0
Kittredge, Andrew,552640,187,5,29.4,116.1,88.9,92.6,86.9,453,141,392,70,13.1,37.4,14,7.5,5.0
Barnes, Matt,598264,116,18,23.3,115,89.8,95.3,86.1,451,162,411,48,11.1,41.4,11,9.5,5.0
Matz, Steven,571927,454,9.6,32.2,111.9,87.8,91.7,84.8,445,155,398,172,14.4,37.9,32,7.0,4.9
Williams, Trevor,592866,280,10.8,34.3,117.1,89.3,92.8,86.7,481,161,408,106,14.2,37.9,20,7.1,4.9
Peacock, Matt,676840,307,2.7,25.1,110.9,90.3,94.9,88.2,453,128,403,141,23.2,45.9,19,6.2,4.9
Kopech, Michael,656629,157,18.6,31.2,110.3,88.3,92.8,84.5,441,175,398,55,10.2,35.0,14,8.9,4.9
Houck, Tanner,656557,171,10,30.4,113.6,87.2,89.7,87.5,405,147,387,60,11.2,35.1,14,8.2,4.9
Barlow, Scott,605130,185,14.6,33.5,119,88.3,92.4,84.2,424,173,409,68,12.1,36.8,15,8.1,4.9
Lakins Sr., Travis,664042,81,14,35.8,110.3,89.2,92.4,87,426,177,404,26,11.7,32.1,6,7.4,4.9
Raley, Brooks,548384,121,10.3,38.8,110.6,83,88.6,78.1,425,150,406,26,6.4,21.5,10,8.3,4.9
Quantrill, Cal,615698,439,12.4,31.0,114.7,87.6,92.9,84,428,160,398,150,13.7,34.2,30,6.8,4.9
Parker, Blake,453284,132,16.6,32.6,110.2,86.7,92.6,84.1,448,169,421,42,12.6,31.8,9,6.8,4.9
Flexen, Chris,623167,572,11.5,33.9,114.4,89.5,93.4,86.1,451,171,397,218,15.6,38.1,36,6.3,4.9
Guenther, Sean,674944,76,10.6,34.2,110.8,89.3,91.8,89.2,413,160,413,29,17.2,38.2,5,6.6,4.9
Crismatt, Nabil,622503,248,10,29.0,111.7,88.9,93.1,85.9,456,156,406,85,13.7,34.3,17,6.9,4.8
Miller, Shelby,571946,42,17,31.0,106.3,91.1,91.9,90.6,440,183,414,16,13.6,38.1,3,7.1,4.8
Anderson, Shaun,641312,91,19.2,29.7,112.2,90.6,93.1,90.2,412,177,379,40,19.0,44.0,6,6.6,4.8
García, Jarlín,606424,181,12.6,35.4,110.8,89.7,93.6,86.4,419,176,400,73,15.6,40.3,13,7.2,4.8
Guerra, Deolis,500610,183,22,30.1,112.1,85.6,91.8,80.2,426,183,393,62,11.9,33.9,13,7.1,4.8
Bickford, Phil,641360,126,12.1,23.8,109.9,90.4,94.5,88.2,432,157,390,50,12.8,39.7,10,7.9,4.8
Chatwood, Tyler,543022,82,6.1,32.9,120.2,90.2,93.4,88.1,393,144,379,36,14.9,43.9,7,8.5,4.8
Cahill, Trevor,502239,119,6.9,29.4,113.5,88.3,93.4,86.7,454,136,420,48,16.4,40.3,8,6.7,4.8
Rodríguez, Manuel,655889,54,6,29.6,106.7,86.2,89.1,86.3,416,126,394,20,14.8,37.0,4,7.4,4.8
Cortes, Nestor,641482,244,23.7,33.2,114.9,89,91.9,87.6,422,200,396,88,12.0,36.1,18,7.4,4.8
Howard, Spencer,675921,147,16.7,36.1,110,88.2,91.4,85.8,426,185,396,52,12.4,35.4,11,7.5,4.8
Barría, Jaime,642545,194,14.2,36.6,115.1,90,92.3,88.8,436,169,406,81,19.1,41.8,12,6.2,4.8
Shaw, Bryan,543766,224,8.5,36.2,113.2,88.8,92.8,86,464,153,391,86,13.1,38.4,16,7.1,4.8
Taylor, Blake,642130,125,16.7,32.0,110.7,84.5,89.2,82,425,162,403,36,10.8,28.8,9,7.2,4.8
López, Pablo,641154,270,9.3,33.0,112.1,86.8,92.5,82.1,427,157,400,90,10.7,33.3,20,7.4,4.8
Finnegan, Kyle,640448,189,9,29.1,113.4,88.9,92.9,86.5,447,152,401,74,12.9,39.2,14,7.4,4.8
Scherzer, Max,453286,411,19.3,33.6,113.3,88,92.5,83.8,436,192,404,141,9.9,34.3,33,8.0,4.8
Valdez, César,491624,150,8.2,42.0,115.9,89.9,94.8,85.8,445,161,399,64,16.3,42.7,10,6.7,4.8
Thompson, Zach,605507,218,14,28.4,117.2,87.7,91.3,83.7,449,165,401,75,13.1,34.4,15,6.9,4.8
Sherfy, Jimmie,642073,45,16.1,31.1,106.6,87.3,91.5,85.9,443,170,411,11,11.6,24.4,3,6.7,4.8
Hernández, Carlos,672578,239,15,33.9,122.2,89.9,93,87,447,174,411,94,13.9,39.3,17,7.1,4.7
Garcia, Luis,677651,413,15.9,34.1,112.7,88.1,93.3,83.6,440,176,390,160,13.6,38.7,30,7.3,4.7
Winkler, Dan,595465,111,12.6,37.8,110.5,84.6,92.6,77.8,411,164,396,28,7.4,25.2,9,8.1,4.7
Claudio, Alex,592222,103,6.2,33.0,109.2,88,93.5,84.1,414,146,379,42,16.8,40.8,7,6.8,4.7
Harper, Ryne,607560,101,13.9,31.7,113.8,83.7,92,78.2,418,166,389,29,10.9,28.7,7,6.9,4.7
Garza Jr., Ralph,621248,83,11.9,43.4,113.8,88.9,93.8,84.4,388,184,365,33,14.9,39.8,6,7.2,4.7
Nance, Tommy,667297,81,1.9,29.6,109.2,88.1,92.9,84.9,442,135,408,34,17.8,42.0,6,7.4,4.7
Castillo, Diego,650895,136,10.9,26.5,113.3,88.3,92.4,86.7,454,147,387,52,11.6,38.2,11,8.1,4.7
Slegers, Aaron,642083,108,5,25.9,110.8,88.3,94.5,85.5,436,123,399,44,16.2,40.7,7,6.5,4.7
Cueto, Johnny,456501,358,14.3,36.0,112,88.4,92.1,85.3,454,176,416,136,14.6,38.0,23,6.4,4.7
Murphy, Patrick,641907,85,6.9,41.2,112.9,90.6,95.6,90.7,433,146,417,48,21.3,56.5,6,7.1,4.7
Mills, Wyatt,670090,45,4.2,33.3,109.4,84.2,88.7,81,394,134,394,16,16.7,35.6,3,6.7,4.7
Keller, Mitch,656605,322,11.6,39.8,110.2,91.6,94.9,88.2,428,176,394,153,18.1,47.5,22,6.8,4.7
Karinchak, James,675916,123,18.4,31.7,111.1,90.1,94.4,89.3,442,174,402,50,11.2,40.7,11,8.9,4.7
Shreve, Chasen,592741,161,16.7,33.5,109,88,92.6,84.3,435,176,404,49,11.0,30.4,11,6.8,4.7
Brentz, Jake,641394,158,7.5,35.4,109,89.4,93.6,85.8,439,160,400,61,12.7,38.6,13,8.2,4.7
Mears, Nick,683232,71,16.2,35.2,110.8,86.6,88.4,84.9,421,175,387,21,9.8,29.6,5,7.0,4.7
Stroman, Marcus,573186,521,6.3,33.6,112.4,89.1,92.8,86.5,435,150,404,219,16.5,42.0,34,6.5,4.7
Kelly, Merrill,518876,492,13,33.1,114.9,89,92.9,86.5,449,167,398,195,16.6,39.6,31,6.3,4.6
Wendelken, J.B.,605525,133,11.9,30.8,111,87.9,90.1,87.8,437,156,398,46,13.0,34.6,9,6.8,4.6
Chargois, JT,608638,137,12.2,34.3,111.4,89.2,94,86.5,416,168,397,50,12.5,36.5,10,7.3,4.6
Senzatela, Antonio,622608,524,8.3,30.5,112.5,90.6,93.5,88.9,435,152,398,224,19.6,42.7,31,5.9,4.6
McGee, Jake,459429,169,20.6,30.8,110,90.9,94.2,89.2,431,183,405,78,15.5,46.2,11,6.5,4.6
Brebbia, John,605154,59,19.6,40.7,108.4,89.8,91.9,87.2,393,200,383,21,11.7,35.6,4,6.8,4.6
Cessa, Luis,570666,188,8.3,30.3,118.2,87,91.6,84.8,424,142,392,66,14.9,35.1,12,6.4,4.6
Ramírez, Erasmo,541640,83,19.1,36.1,111.2,89.5,92.1,87,429,190,414,33,16.3,39.8,5,6.0,4.6
Doval, Camilo,666808,62,9.6,32.3,110.7,87.5,90,85.9,403,153,390,21,10.3,33.9,5,8.1,4.6
Kuhl, Chad,641771,223,11.5,32.3,110.9,88.6,92.9,84.3,444,163,392,83,14.0,37.2,16,7.2,4.6
Santana, Edgar,650828,130,8,26.2,109.1,88.1,92.9,85.6,435,145,406,51,16.8,39.2,8,6.2,4.6
Stephenson, Robert,596112,125,15.4,32.0,110.8,89.1,92.5,85.3,440,186,420,46,12.9,36.8,9,7.2,4.6
Machado, Andres,600921,104,12.1,27.9,115.6,89.3,91.9,86.4,421,160,412,38,13.6,36.5,7,6.7,4.5
Knight, Dusten,643400,28,13,39.3,108.2,90.2,92.2,90.1,411,147,411,10,12.7,35.7,2,7.1,4.5
Musgrove, Joe,605397,473,11.9,33.8,109.9,88,92.1,84.8,428,167,396,182,13.4,38.5,34,7.2,4.5
Acevedo, Domingo,642758,31,14.3,25.8,104,86.2,91,79.2,408,156,361,11,11.6,35.5,2,6.5,4.5
Poppen, Sean,664092,72,7.2,38.9,109.9,89.6,91.7,90.3,419,147,415,35,21.1,48.6,5,6.9,4.5
Buehler, Walker,621111,545,11.1,28.8,114.4,88.2,92.7,85.6,425,160,399,202,13.1,37.1,37,6.8,4.5
Nola, Aaron,605400,478,14.4,33.3,116,89,92.7,85.7,460,171,405,179,12.3,37.4,34,7.1,4.5
Tate, Dillon,622253,208,0.9,25.0,121.1,87.6,92.2,86.3,434,123,405,79,16.7,38.0,13,6.3,4.5
Howard, Sam,607572,104,14.4,29.8,109.8,87.8,91.8,84.9,431,169,406,32,8.5,30.8,9,8.7,4.5
Muller, Kyle,666205,96,16,38.5,110.7,91.1,92.1,90.8,362,185,357,41,13.5,42.7,7,7.3,4.5
Gausman, Kevin,592332,494,12.2,30.4,115.3,89.1,93.1,86.2,452,169,404,202,12.9,40.9,35,7.1,4.5
May, Trevor,543507,159,17.4,30.8,110.6,88.6,92.8,83.2,446,188,410,54,9.5,34.0,12,7.5,4.5
Kershaw, Clayton,477132,319,9.8,31.3,115.9,88,94.6,84.2,431,152,396,119,13.1,37.3,22,6.9,4.5
Andriese, Matt,542882,155,12.2,34.8,113.9,91.3,93.8,90.3,451,172,399,70,17.1,45.2,10,6.5,4.5
Gray, Jon,592351,421,9.6,30.4,113.9,89,92.5,86.5,468,162,409,161,14.1,38.2,29,6.9,4.5
Miley, Wade,489119,512,8,31.6,113.1,85.7,90.9,81.7,441,147,405,175,14.4,34.2,31,6.1,4.5
Doolittle, Sean,448281,145,26.4,41.4,113.3,91,93,91,456,211,406,61,13.1,42.1,10,6.9,4.5
Hoffman, Jeff,656546,206,15.3,35.9,114.4,89,92.1,86.4,425,178,390,82,13.6,39.8,15,7.3,4.5
Wainwright, Adam,425794,595,10.2,34.3,112.2,88.2,92.4,85.1,451,157,397,212,15.9,35.6,37,6.2,4.5
Díaz, Yennsy,660546,78,20.5,25.6,109.8,89.7,93.3,88.5,420,178,392,31,15.6,39.7,5,6.4,4.5
Bradley, Archie,605151,159,6.7,29.6,113.4,86.9,92.9,84.4,407,133,378,62,14.3,39.0,10,6.3,4.5
Stratton, Chris,608717,217,13.4,34.1,112.2,89,92,87.7,445,173,407,80,12.3,36.9,15,6.9,4.5
García, Luis,472610,92,8.7,30.4,112,89.8,93.3,87.6,451,160,448,42,17.1,45.7,6,6.5,4.4
Foley, Jason,671345,31,4.1,29.0,112.7,93.3,98.3,89.7,374,142,374,17,21.8,54.8,2,6.5,4.4
Holland, Derek,502706,153,11.2,32.0,110.7,89.1,93.2,86.4,426,165,407,65,16.5,42.5,10,6.5,4.4
Rodriguez, Eduardo,593958,441,12.4,37.4,114.6,86.5,90.4,84.1,435,163,388,148,11.2,33.6,30,6.8,4.4
Watson, Tony,453265,163,10.5,31.9,114.3,86,92.4,81.5,419,160,405,49,11.9,30.1,10,6.1,4.4
Ponce de Leon, Daniel,594965,107,19.6,33.6,111.7,89.7,92.3,87.7,449,192,418,40,13.1,37.4,7,6.5,4.4
Martin, Chris,455119,139,8,31.7,112.7,91.2,93,89.6,418,155,402,60,16.7,43.2,8,5.8,4.4
Emanuel, Kent,592288,50,10.3,24.0,112.4,86.9,90.6,84.3,413,153,382,12,11.8,24.0,3,6.0,4.4
Kinley, Tyler,641755,199,18.1,32.2,112.4,89.1,93.4,84.3,439,180,402,70,12.0,35.2,13,6.5,4.4
Garrett, Braxton,666129,105,12.3,38.1,111,89,92.5,84.1,421,180,412,41,15.4,39.0,7,6.7,4.4
Kluber, Corey,446372,221,13.9,34.8,116.6,86.9,91.2,83.5,419,164,389,76,12.1,34.4,15,6.8,4.4
Bassitt, Chris,605135,428,12.5,32.9,114.7,87.6,91.4,85,432,168,400,142,12.5,33.2,28,6.5,4.4
Hutchison, Drew,571800,70,12.3,28.6,111.4,91.1,90.8,94.9,376,152,376,31,19.1,44.3,4,5.7,4.4
Anderson, Drew,623454,75,17.4,28.0,110.3,89.7,93.2,87.8,431,167,431,28,17.3,37.3,4,5.3,4.4
Maton, Phil,664208,174,12.9,37.4,112.4,88,92.1,83.9,451,178,399,57,9.9,32.8,13,7.5,4.4
Fulmer, Michael,605242,199,12.1,33.2,112.5,86.7,91.3,84.3,447,150,409,70,12.1,35.2,13,6.5,4.4
Duffy, Danny,518633,165,17.7,39.4,113.6,89.5,93.1,87.9,439,186,421,67,13.7,40.6,11,6.7,4.4
Suarez, José,660761,288,10.4,30.9,112.3,87.3,92.2,84.8,426,157,404,100,13.0,34.7,18,6.3,4.4
Hoyt, James,624586,26,15.7,42.3,108.7,87.9,89.3,85.9,394,198,,8,10.7,30.8,2,7.7,4.3
O'Day, Darren,503285,30,21.1,43.3,116.1,87.6,94.9,77.8,375,200,363,12,13.5,40.0,2,6.7,4.3
Abreu, Bryan,650556,104,11.7,31.7,112.9,89.7,94.7,87.4,388,152,364,42,13.5,40.4,7,6.7,4.3
Fried, Max,608331,461,6.2,30.8,112,86.5,89.9,85.2,460,140,396,158,12.8,34.3,29,6.3,4.3
Coonrod, Sam,656322,119,4.1,27.7,114.1,86.4,89.8,84.5,428,130,408,44,12.5,37.0,8,6.7,4.3
Eovaldi, Nathan,543135,527,12.8,37.0,115.6,88,91.9,85.9,441,162,390,192,12.7,36.4,33,6.3,4.3
Falter, Bailey,663559,97,15.6,35.1,109.6,88.8,90.3,88.1,447,172,400,36,13.5,37.1,6,6.2,4.3
Ohtani, Shohei,660271,323,11.7,31.9,112.7,88.4,93.7,84.5,430,165,401,129,13.3,39.9,23,7.1,4.3
Sheffield, Jordan,642068,81,13.9,24.7,107,88.6,95.4,83.7,440,153,425,31,15.1,38.3,5,6.2,4.3
Giolito, Lucas,608337,465,18.3,37.2,116.7,87.7,92.6,82.6,445,181,386,159,10.6,34.2,31,6.7,4.3
May, Dustin,669160,51,2.6,33.3,114.1,89,96.4,84.4,408,139,390,20,11.8,39.2,4,7.8,4.3
Curtiss, John,595928,130,16.8,33.1,114.4,91.6,95.2,89.1,400,175,379,57,16.3,43.8,8,6.2,4.3
Crichton, Stefan,592233,84,15.1,22.6,110.9,90.5,95.9,89.3,438,149,396,38,21.7,45.2,5,6.0,4.3
Hanhold, Eric,621098,37,14.4,35.1,109.2,91.6,92.6,91.6,423,182,418,18,20.0,48.6,2,5.4,4.3
Smith, Burch,572143,148,15.5,38.5,111.9,91.1,92.7,90.1,433,185,407,62,19.0,41.9,8,5.4,4.3
Goudeau, Ashton,623485,100,9,28.0,107.7,87.8,92.3,85.1,424,151,402,32,12.5,32.0,6,6.0,4.3
Fairbanks, Pete,664126,111,12.5,32.4,110.9,87.9,91.6,86.2,390,163,387,35,9.7,31.5,8,7.2,4.2
Pearson, Nate,663878,39,23.1,20.5,108.8,92.4,91.9,94.6,401,172,391,18,15.5,46.2,3,7.7,4.2
Okert, Steven,595345,83,24.9,27.7,110.4,86.8,92.8,82.4,439,189,400,30,10.6,36.1,6,7.2,4.2
Stammen, Craig,489334,256,8.1,27.3,109.4,88.4,92.1,86.1,433,141,392,92,15.1,35.9,15,5.9,4.2
Santana, Dennis,642701,156,9.6,34.6,112.8,88,91.2,86.1,423,153,395,56,13.4,35.9,10,6.4,4.2
Rogers, Taylor,573124,99,5.9,34.3,115.4,87.7,90.4,86.8,421,142,400,36,11.4,36.4,7,7.1,4.2
Santillan, Tony,663574,106,17.9,34.0,112.3,89.1,92.9,85.6,442,190,393,40,12.5,37.7,8,7.5,4.2
Clay, Sam,621348,153,0.8,29.4,112,89.7,93.5,88.1,433,119,425,62,17.7,40.5,9,5.9,4.2
de Geus, Brett,676969,164,4.9,34.8,117,89.8,91.8,88.8,427,149,407,63,16.2,38.4,10,6.1,4.2
Gsellman, Robert,607229,92,7.4,33.7,111.8,86.3,90.8,84.2,443,144,427,31,14.6,33.7,5,5.4,4.2
Maeda, Kenta,628317,300,15,35.7,113.3,87.7,92.4,84.4,452,169,403,109,12.4,36.3,19,6.3,4.2
Gonsolin, Tony,664062,140,16.7,34.3,116.6,88.2,92.7,83.6,467,180,401,49,11.2,35.0,10,7.1,4.2
Alcantara, Sandy,645261,576,4.9,29.9,115.7,87.7,93.1,84.2,456,143,400,227,13.9,39.4,35,6.1,4.2
Suter, Brent,608718,219,7.6,30.6,110.4,85.5,91.7,81.8,438,145,409,76,12.9,34.7,13,5.9,4.2
Cisnero, José,542585,168,14,33.9,114.1,87.1,91.4,85.5,451,157,421,54,11.3,32.1,11,6.5,4.2
Melancon, Mark,453343,180,-0.5,33.3,109.6,86.6,91.7,83.5,406,128,396,65,13.6,36.1,11,6.1,4.2
Chafin, Andrew,605177,181,12.7,30.9,109.3,87.7,92.8,83.3,447,158,411,61,12.9,33.7,11,6.1,4.1
Dugger, Robert,667498,88,16.2,37.5,111.8,91.2,93.5,89.3,447,182,390,36,17.0,40.9,5,5.7,4.1
Thompson, Mason,666168,82,9.1,25.6,111.5,86.6,94,83.4,429,137,398,35,19.9,42.7,5,6.1,4.1
Johnson, Pierce,572955,139,17.9,36.0,108.8,89.3,91.7,86.7,408,190,402,49,10.5,35.3,10,7.2,4.1
Woodford, Jake,663765,210,13.2,31.9,115.4,90.3,93.9,88.4,417,168,391,86,17.2,41.0,12,5.7,4.1
Chacín, Jhoulys,468504,194,10.1,32.0,111.7,86.5,93.3,80.4,452,159,400,70,14.4,36.1,11,5.7,4.1
Mahle, Tyler,641816,475,13.5,33.9,117.4,87.8,91.5,84.5,478,164,406,163,11.3,34.3,31,6.5,4.1
Pop, Zach,647315,163,3.9,26.4,113.3,86.3,90.4,83.2,409,134,396,54,12.6,33.1,10,6.1,4.1
Smith, Joe,501925,128,9.5,29.7,112.2,87.9,94.5,82.8,423,154,393,45,13.9,35.2,7,5.5,4.0
Norris, Daniel,596057,158,10.5,30.4,113.3,92.4,95.4,90.8,422,157,400,72,16.1,45.6,10,6.3,4.0
Pressly, Ryan,519151,156,6.6,30.8,115,90.2,94.5,88.3,448,142,410,63,13.3,40.4,10,6.4,4.0
Brasier, Ryan,518489,37,3.2,24.3,108.2,87,87.7,86.5,397,134,380,13,13.0,35.1,2,5.4,4.0
Soto, Gregory,642397,159,11.1,26.4,111.9,89.1,92.7,87,431,155,392,57,11.2,35.8,11,6.9,4.0
Long, Sammy,669674,120,15.1,32.5,113.6,88.7,90.8,87.6,433,184,401,44,12.6,36.7,7,5.8,4.0
Castro, Miguel,612434,177,8.5,34.5,115.7,86,91.5,81.9,437,142,398,60,11.7,33.9,12,6.8,4.0
Valdez, Phillips,570488,116,5.7,27.6,118,88.3,89.6,87.6,436,135,388,42,14.7,36.2,7,6.0,4.0
Mantiply, Joe,573009,121,7.7,35.5,107.5,86.6,90.5,83.7,382,157,382,44,14.9,36.4,7,5.8,4.0
Bettinger, Alec,676424,42,18.2,35.7,108.9,91.3,92.5,91.6,425,170,394,14,14.7,33.3,2,4.8,3.9
Rasmussen, Drew,656876,209,8.8,30.1,114.2,91.4,94.7,89.8,435,158,400,105,18.6,50.2,12,5.7,3.9
McGowin, Kyle,641851,77,21.1,31.2,107.1,86.1,89.2,83.9,422,172,389,25,10.5,32.5,5,6.5,3.9
Payamps, Joel,606303,152,13.9,28.9,110.9,86.3,91.4,83.9,459,154,396,46,11.4,30.3,8,5.3,3.9
Cishek, Steve,518553,197,8.9,27.9,116.4,85,92.4,81.1,397,146,397,64,12.4,32.5,12,6.1,3.9
Gil, Luis,661563,71,23,35.2,115.7,89.8,90.5,90.7,425,187,403,28,11.3,39.4,5,7.0,3.9
González, Victor,624647,100,3.3,35.0,115.1,82.4,87,80.4,424,129,400,26,10.5,26.0,6,6.0,3.9
Sandoval, Patrick,663776,229,6.3,28.8,112.1,85.3,91.1,82.7,426,142,399,81,12.1,35.4,14,6.1,3.9
Valdez, Framber,664285,378,-5.5,21.4,119.6,90.8,95.4,89.3,418,100,378,168,19.1,44.4,22,5.8,3.8
Tyler, Kyle,667725,38,11.4,23.7,107.4,86.3,90.5,81.2,379,176,379,12,14.6,31.6,2,5.3,3.8
Vest, Will,676684,108,10,37.0,112.2,89.9,93.8,86.2,415,164,393,40,14.0,37.0,6,5.6,3.8
Brogdon, Connor,641401,166,15.8,26.5,114.5,86.1,89.4,84,422,152,394,52,10.7,31.3,9,5.4,3.8
Familia, Jeurys,544727,160,4.9,30.6,111.4,88.1,93.2,84.5,439,137,396,63,13.1,39.4,10,6.3,3.8
Jiménez, Joe,641729,110,22.6,26.4,116.5,89.2,94.3,84.9,473,190,411,37,9.0,33.6,8,7.3,3.8
Chavez, Jesse,445926,86,10.4,29.1,107.9,90.9,94.3,87.2,392,181,,36,15.5,41.9,5,5.8,3.8
Boxberger, Brad,502202,151,19.2,27.8,112.6,88.3,91.9,87.1,446,172,416,53,10.8,35.1,10,6.6,3.8
Singer, Brady,663903,391,7,32.7,113.9,88.5,92.4,86.4,465,146,405,147,14.8,37.6,22,5.6,3.8
Steckenrider, Drew,608716,188,16.5,31.4,114.8,90.7,93.3,90.4,424,172,394,72,14.4,38.3,10,5.3,3.7
Rodón, Carlos,607074,304,18.7,29.9,114.6,89.2,91.9,88,446,173,404,110,9.8,36.2,20,6.6,3.7
Lynn, Lance,458681,417,16,31.7,114.6,87.7,91,86,451,169,396,145,11.1,34.8,24,5.8,3.7
Naughton, Packy,676050,81,4.3,28.4,111.7,86.6,95.2,80.5,434,143,415,33,18.3,40.7,4,4.9,3.7
Floro, Dylan,571670,183,9.1,31.1,109.4,85.9,91,82.5,392,146,388,59,11.3,32.2,10,5.5,3.7
Webb, Logan,657277,394,-0.5,27.9,115,88.1,92.8,86,418,118,403,153,14.9,38.8,22,5.6,3.7
Price, David,456034,237,8.3,32.1,113.5,86.8,92,84.5,444,146,404,83,14.6,35.0,12,5.1,3.7
Mills, Alec,621219,389,7.8,32.6,111.9,88.3,92.1,86.2,469,149,409,153,17.4,39.3,19,4.9,3.7
Woodruff, Brandon,605540,447,10.6,35.8,114,86.2,90.7,82.6,450,164,404,146,10.3,32.7,26,5.8,3.7
Saucedo, Tayler,642048,78,3.4,26.9,116.6,87.9,95.3,86.4,382,114,382,28,13.8,35.9,4,5.1,3.7
Gant, John,607231,322,10.1,32.0,111.8,90,92.3,88.6,439,153,410,124,14.7,38.5,18,5.6,3.7
Abad, Fernando,472551,65,10.5,27.7,108.2,87.6,91.8,84.1,425,148,425,24,18.3,36.9,3,4.6,3.7
Cotton, Jharel,605194,90,26,27.8,106.2,85.8,90.5,83.3,420,182,414,21,8.0,23.3,5,5.6,3.6
Bender, Anthony,669622,150,6.6,34.7,111.3,88.2,92.8,84.7,441,143,408,51,12.9,34.0,9,6.0,3.6
Williams, Taylor,592865,36,9.6,33.3,112.8,91.6,93.8,89.7,407,151,407,17,17.7,47.2,2,5.6,3.6
Selman, Sam,572125,74,25.5,39.2,109.3,84.1,88.7,82.3,433,196,420,20,8.5,27.0,4,5.4,3.6
Steele, Justin,657006,157,8.3,29.3,112.1,87.9,91.1,86.2,457,148,401,55,12.9,35.0,9,5.7,3.6
Urías, Julio,628711,505,15.5,31.5,114.2,86,91.2,81.5,465,173,404,153,10.8,30.3,27,5.3,3.6
Pérez, Cionel,672335,66,12,24.2,110.9,89.9,93.6,90.1,411,146,393,28,15.7,42.4,4,6.1,3.6
Barlow, Joe,669618,72,17.2,31.9,107.5,89.2,93.2,88.4,412,177,406,26,11.6,36.1,4,5.6,3.6
Minaya, Juan,573668,102,6,29.4,112,89.5,95.9,85.2,442,145,412,43,13.5,42.2,6,5.9,3.6
Wisler, Matt,605538,121,24,33.9,110,86.8,90.5,81.7,400,201,381,31,9.0,25.6,7,5.8,3.6
Márquez, Germán,608566,511,5.2,32.1,111.9,88.9,93.1,86.1,486,149,411,201,15.3,39.3,27,5.3,3.6
Cleavinger, Garrett,664076,50,9.7,24.0,110.8,89.2,90.7,88.4,443,151,429,23,16.7,46.0,3,6.0,3.6
Warren, Austin,681810,58,10,22.4,107.7,88.3,95.6,84.6,391,133,,23,16.5,39.7,3,5.2,3.6
Montero, Rafael,606160,161,5.9,29.8,110.5,86.7,89.7,85.5,413,134,399,55,12.6,34.2,8,5.0,3.6
Neris, Héctor,593576,176,11.7,27.3,113.3,86.7,93.3,81.5,434,157,394,63,10.3,35.8,11,6.3,3.5
Duffey, Tyler,608648,163,10.3,28.2,112.3,91.4,93.6,90,406,158,386,74,16.2,45.4,9,5.5,3.5
Ramirez, Yohan,670990,64,20.2,35.9,108.3,86.9,91.4,83.2,408,178,378,19,9.6,29.7,4,6.3,3.5
Houser, Adrian,605288,420,1.5,28.1,112.6,87,91.3,85,459,123,402,151,14.7,36.0,21,5.0,3.5
Krol, Ian,571871,60,9.7,30.0,107.8,86.6,90.2,83,432,157,408,20,11.9,33.3,3,5.0,3.5
Manoah, Alek,666201,276,16.3,32.6,117.9,86.8,90.3,85.5,437,173,391,86,9.8,31.2,16,5.8,3.5
Turnbull, Spencer,605513,140,6.2,27.9,116.2,88.2,95.7,84.9,392,128,374,47,12.3,33.6,7,5.0,3.5
Phillips, Evan,623465,41,9.2,46.3,114.4,89.3,95.1,84.1,392,154,392,16,12.5,39.0,2,4.9,3.4
Gibson, Kyle,502043,527,7.6,30.6,113.6,88.9,91.9,87.6,465,146,396,206,16.0,39.1,26,4.9,3.4
Wood, Alex,622072,378,7.2,33.1,113.3,89.6,93.7,86.8,458,149,415,153,14.9,40.5,20,5.3,3.4
Ramirez, Noé,598287,103,24.9,31.1,105.8,88.4,92.1,85.7,423,185,404,29,10.8,28.2,5,4.9,3.4
deGrom, Jacob,594798,166,13.7,30.1,112,87.7,92.9,84.5,426,160,400,62,9.1,37.3,11,6.6,3.4
Sánchez, Cristopher,650911,39,3.7,20.5,109.4,84.9,97.8,80.2,359,115,359,13,12.9,33.3,2,5.1,3.4
Rodríguez, Joely,570257,140,1,26.4,114.8,87.3,94.4,84.6,432,122,395,49,13.4,35.0,7,5.0,3.4
Cabrera, Génesis,650893,178,13.2,28.1,112.7,88.3,92.9,84.9,461,167,420,62,11.0,34.8,10,5.6,3.4
Bednar, David,670280,140,15.4,38.6,111.3,87.2,92.7,82.6,415,178,390,44,8.8,31.4,8,5.7,3.4
Greene, Conner,641632,80,14.8,35.0,113.9,89.5,93.3,86.1,395,178,395,27,12.0,33.8,4,5.0,3.3
Ramirez, Nick,598286,70,9.9,38.6,105.5,87.9,92.5,84.6,400,163,395,24,15.9,34.3,3,4.3,3.3
Kelly, Joe,523260,113,-0.1,27.4,110.1,85.5,94.5,82.4,405,120,399,39,13.1,34.5,6,5.3,3.3
Bard, Daniel,453268,181,12.7,38.7,111,88.6,92,85.6,391,167,382,72,12.8,39.8,10,5.5,3.3
Dayton, Grant,594795,41,17.2,36.6,109,88.3,92.4,78.8,419,199,414,16,13.9,39.0,2,4.9,3.3
Peralta, Freddy,642547,318,21.4,33.3,112.1,86.6,91.4,81.2,456,184,393,101,9.5,31.8,19,6.0,3.3
Banda, Anthony,607455,106,15.5,38.7,111.6,88.5,93.7,84.2,400,182,389,39,13.2,36.8,5,4.7,3.3
Webb, Tyler,643778,59,20.4,35.6,110.9,86.4,90.1,86.1,414,166,414,20,11.7,33.9,3,5.1,3.3
Fry, Paul,643316,116,10.8,26.7,113.2,88.5,91.4,87.8,415,147,395,40,11.4,34.5,7,6.0,3.3
Nolin, Sean,543594,88,15.5,42.0,110.5,89.2,93.5,84.4,396,190,383,36,15.6,40.9,4,4.5,3.3
McCullers Jr., Lance,621121,413,5.1,25.9,117.3,89.8,91.8,89,441,131,382,168,14.5,40.7,22,5.3,3.2
Bielak, Brandon,656232,148,10.4,33.8,117.4,87.2,90.3,85.9,437,153,402,51,13.1,34.5,7,4.7,3.2
Dolis, Rafael,503569,87,13.9,37.9,112.2,87.4,89.9,88,402,163,379,28,11.4,32.2,5,5.7,3.2
Sanchez, Aaron,592717,111,5.6,27.9,113.2,86.5,92.8,82.5,422,145,409,40,15.8,36.0,5,4.5,3.2
Heuer, Codi,676051,200,12.7,31.0,109.4,87.3,90.7,85.3,410,155,392,73,13.5,36.5,9,4.5,3.2
Cousins, Jake,664776,58,13.2,27.6,109.5,87.1,88.2,85.8,455,155,412,24,10.8,41.4,4,6.9,3.2
Hammer, JD,670456,59,15.1,28.8,110.3,92,95.4,91.9,399,155,383,30,17.9,50.8,3,5.1,3.2
Graveman, Kendall,608665,133,6.2,32.3,111.6,87.4,90.7,86.3,431,130,416,47,12.1,35.3,7,5.3,3.2
Sborz, Josh,622250,156,15.1,34.0,112.9,91,92.8,90.6,429,173,390,64,12.2,41.0,8,5.1,3.1
Bleier, Richard,542947,172,-5.2,26.2,115.5,88,93.6,86.3,421,106,383,67,17.3,39.0,7,4.1,3.1
Rogers, Trevor,669432,341,12.9,35.8,116.9,87.8,91.2,83.2,430,171,409,126,11.9,37.0,17,5.0,3.1
Sims, Lucas,608371,97,20.4,44.3,112.2,86.5,92.3,75,434,199,410,34,9.6,35.1,6,6.2,3.1
Morton, Charlie,450203,465,7.8,29.7,115.5,88.1,92.1,85.4,437,149,401,151,11.1,32.5,23,4.9,3.0
Yamamoto, Jordan,657141,26,15.6,69.2,107.9,86.1,89.6,82.8,332,194,,13,24.1,50.0,1,3.8,3.0
Funkhouser, Kyle,608335,194,7.2,25.8,112.5,87.5,91.9,85.9,427,137,410,71,13.5,36.6,9,4.6,3.0
Ashby, Aaron,676879,81,0,30.9,108.4,87.3,91.4,84.8,431,127,417,29,12.0,35.8,4,4.9,3.0
Wick, Rowan,592858,55,14.2,38.2,107.8,85.4,88.7,82.6,427,173,427,17,10.2,30.9,3,5.5,3.0
Luetge, Lucas,476595,204,15.2,36.3,110.1,86.6,88.6,86.7,409,165,379,64,10.2,31.4,9,4.4,3.0
Castillo, Luis,622491,529,4.1,28.5,114.9,87.7,90.4,86.6,464,128,386,195,12.6,36.9,24,4.5,3.0
Alexander, Scott,518397,54,5.1,22.2,109,86.5,96.6,85.1,394,110,377,20,16.9,37.0,2,3.7,3.0
Kimbrel, Craig,518886,109,19.7,41.3,114.3,90.5,94.1,84.5,426,209,390,43,9.3,39.4,7,6.4,3.0
Knebel, Corey,608349,61,12.2,36.1,118.4,90.1,94,86.5,368,157,357,17,8.7,27.9,3,4.9,3.0
Tapia, Domingo,593619,94,9.2,34.0,115,90,90.7,91.4,391,148,391,40,18.3,42.6,4,4.3,3.0
Gray, Sonny,543243,361,9,31.3,115.8,86.6,91.4,83.6,430,152,390,116,12.1,32.1,17,4.7,3.0
Wheeler, Zack,554430,548,8.4,30.8,118.6,84.6,89.7,83.1,474,139,418,156,9.5,28.5,25,4.6,2.9
Pomeranz, Drew,519141,62,7.4,41.9,110.8,89.6,94.4,86.4,440,162,427,24,12.6,38.7,3,4.8,2.9
Tropeano, Nick,607374,29,17.7,31.0,113.7,88.1,85.1,93.8,403,152,403,9,16.4,31.0,1,3.4,2.9
Guerra, Junior,448855,197,11,31.5,115.2,86.7,90.7,85.1,457,146,410,70,13.3,35.5,9,4.6,2.9
Patton, Spencer,607359,109,12.8,31.2,109.4,85.9,90.5,83.4,442,163,417,31,9.6,28.4,5,4.6,2.9
Ottavino, Adam,493603,163,11.8,31.9,118.4,86.1,91.1,81.6,448,164,401,49,10.6,30.1,8,4.9,2.9
Maples, Dillon,596027,66,5.3,30.3,107.9,86.9,90.5,84.9,415,140,391,28,14.3,42.4,4,6.1,2.9
Wieck, Brad,623364,33,16.5,36.4,113.5,91.6,96.3,82,365,212,,13,11.3,39.4,2,6.1,2.8
Cobb, Alex,502171,259,3,32.4,112.5,88.9,91.3,87.3,436,138,411,97,13.8,37.5,11,4.2,2.8
Cimber, Adam,643256,212,6.5,27.4,109.8,87.9,91.8,87.5,399,134,390,81,15.6,38.2,8,3.8,2.8
Scott, Tanner,656945,138,5.3,33.3,112.4,90.1,93.3,88.6,453,144,409,49,10.9,35.5,7,5.1,2.8
Strahm, Matt,621381,31,8.9,41.9,108.7,87.5,91.5,83.3,388,159,,11,14.3,35.5,1,3.2,2.8
Sherriff, Ryan,595411,43,8.7,32.6,112.3,85.5,93.9,79.5,367,155,,12,10.7,27.9,2,4.7,2.8
Hernandez, Darwinzon,650382,92,10.9,34.8,114.1,88.2,93.3,86,452,153,405,35,11.5,38.0,5,5.4,2.7
Leone, Dominic,608678,145,11.4,27.6,114.6,88.5,92.9,85.4,440,157,402,58,14.5,40.0,6,4.1,2.7
Díaz, Edwin,621242,136,17.2,33.8,110.6,87.6,91.1,84.7,442,184,379,36,7.2,26.5,7,5.1,2.7
Minter, A.J.,621345,142,11.8,31.0,116.3,86.7,90.6,85.7,467,156,447,50,11.6,35.2,6,4.2,2.7
Gilbreath, Lucas,656458,117,13.6,28.2,109.2,84.2,89.5,80,440,168,411,27,8.2,23.1,5,4.3,2.7
Whitlock, Garrett,676477,197,7.5,34.5,111.7,87.7,94.1,84,430,148,396,73,12.6,37.1,8,4.1,2.7
Hader, Josh,623352,96,22.5,40.6,115.1,87.4,90.1,84.7,418,197,406,29,5.9,30.2,6,6.3,2.7
Williams, Devin,642207,109,11.4,32.1,111.5,85.7,91.4,81,441,163,411,31,6.8,28.4,6,5.5,2.7
Martin, Brett,656685,208,5.9,26.4,113.4,88,90.6,86.7,422,135,399,70,14.4,33.7,7,3.4,2.7
Meisinger, Ryan,664682,27,18.9,33.3,111.8,90,92,86.5,391,164,385,11,16.2,40.7,1,3.7,2.6
Schmidt, Clarke,657376,26,0.8,38.5,109.6,83.9,89.1,79.5,398,128,398,8,11.4,30.8,1,3.8,2.6
Crochet, Garrett,676979,136,14.2,36.0,117.4,88.8,92.2,88.5,402,168,398,53,13.0,39.0,6,4.4,2.6
King, John,667463,137,-0.9,30.7,113.3,88.5,92.5,86.9,426,123,393,54,15.6,39.4,5,3.6,2.6
Ortega, Oliver,661383,32,1.2,6.3,113.9,91.2,96.4,90.4,381,103,381,17,29.8,53.1,1,3.1,2.6
Nelson, Nick,656793,37,10.4,54.1,105.9,89.7,92.1,86,408,194,,16,10.7,43.2,2,5.4,2.6
Herget, Jimmy,623474,51,8.4,35.3,111.9,86.3,89.8,81.8,404,154,404,16,12.3,31.4,2,3.9,2.6
Reyes, Alex,621052,168,17.8,31.5,107.6,87.2,92,83.2,422,181,396,58,10.6,34.5,8,4.8,2.5
Jansen, Kenley,445276,153,19.8,30.1,106,84,89.2,81.4,406,170,387,40,7.5,26.1,7,4.6,2.5
Evans, Demarcus,663770,70,27.6,41.4,107.3,89.5,91.1,88.2,417,237,387,21,8.6,30.0,3,4.3,2.5
Adams, Austin,613534,106,20.9,37.7,110.9,85.9,88.7,83,414,187,414,26,6.7,24.5,6,5.7,2.5
Britton, Zack,502154,50,-3.4,24.0,114.3,84.7,89.6,82.8,432,91,432,15,10.3,30.0,2,4.0,2.4
Lorenzen, Michael,547179,89,9.7,30.3,108.4,88.5,91.1,86.6,392,160,382,38,16.5,42.7,3,3.4,2.4
Holmes, Clay,605280,181,-6.5,21.0,111.4,87.1,91.2,85.9,423,94,407,63,13.6,34.8,7,3.9,2.4
Lovelady, Richard,663992,54,6.9,25.9,106.5,89.2,92.5,88,433,137,400,21,14.1,38.9,2,3.7,2.4
Reed, Cody,642003,28,3.8,39.3,107.1,88.5,91.6,85.1,366,164,366,9,15.3,32.1,1,3.6,2.4
Mayza, Tim,641835,138,2.6,25.4,112.5,86,90.5,83.9,436,121,382,45,11.8,32.6,5,3.6,2.4
Lawrence, Justin,664875,50,6.9,36.0,112.6,91.2,92.3,90,415,152,,21,18.7,42.0,2,4.0,2.3
Rodriguez, Chris,669735,86,3.6,29.1,113,88.2,94.2,83.3,404,130,,31,14.8,36.0,3,3.5,2.2
Sale, Chris,519242,115,5.7,31.3,109.3,84.6,90.9,79.2,414,154,382,37,10.4,32.2,4,3.5,2.2
Santos, Antonio,665733,31,11.7,25.8,108.5,85.2,87.1,84.6,420,138,420,9,12.7,29.0,1,3.2,2.2
Bergen, Travis,664157,30,22,23.3,110.5,83.9,90.2,79.4,409,180,409,9,10.8,30.0,1,3.3,2.2
Vincent, Nick,543883,32,31.2,28.1,111.6,87.8,92.8,87.8,402,187,402,11,11.5,34.4,1,3.1,2.1
Sanmartin, Reiver,665665,34,3.8,38.2,106,87,90.1,83.5,380,166,,12,14.5,35.3,1,2.9,2.1
Sandlin, Nick,680704,72,12.6,34.7,108.5,84,90.6,78.5,435,164,405,20,8.2,27.8,3,4.2,2.1
Loáisiga, Jonathan,642528,195,1.5,20.5,113.5,84,90.4,81.6,405,106,385,47,8.2,24.1,6,3.1,2.1
Sadler, Casey,594987,97,3.5,18.6,109.7,85.4,92.2,83.3,392,114,392,30,11.7,30.9,3,3.1,2.1
Fernández, Junior,658551,67,7.4,41.8,110.4,89.4,92.5,86.1,405,155,393,24,13.6,35.8,2,3.0,2.1
Hartlieb, Geoff,664129,27,10,29.6,105.6,88.7,91.1,89.2,358,151,,9,11.1,33.3,1,3.7,2.0
Graterol, Brusdar,660813,104,-1.2,28.8,113,86.2,93.3,83,390,112,378,35,13.1,33.7,3,2.9,2.0
Alvarado, José,621237,129,1.1,32.6,116.4,87.5,91.3,85,418,133,396,55,13.2,42.6,5,3.9,2.0
Burr, Ryan,621114,96,5,25.0,110.6,91.1,93.6,90.2,401,136,370,46,17.6,47.9,3,3.1,2.0
Whitley, Kodi,676831,62,16.1,33.9,111.8,83.6,90.3,76.4,392,166,392,15,7.2,24.2,2,3.2,2.0
Klobosits, Gabe,656620,41,16.3,17.1,111.8,91.5,94.3,88.2,406,155,,20,19.8,48.8,1,2.4,1.9
Matzek, Tyler,554431,148,15.8,30.4,114.3,89.7,92.1,89,456,168,416,56,10.9,37.8,5,3.4,1.9
Álvarez, José,501625,204,8.4,29.9,110.1,86.3,89.3,85.6,393,137,385,67,14.7,32.8,5,2.5,1.9
Crick, Kyle,605195,62,16.5,29.0,107.2,84.4,90.9,77.2,380,164,,14,8.2,22.6,2,3.2,1.9
Burnes, Corbin,669203,383,8.4,29.5,114.2,85.5,90.2,82.5,437,147,400,117,9.3,30.5,12,3.1,1.8
Solomon, Peter,656981,37,10.2,29.7,105.2,90.1,92.8,90.3,366,126,,15,15.5,40.5,1,2.7,1.8
Nelson, Jimmy,519076,55,20.7,30.9,110.2,84.5,86.8,85.8,407,167,,17,7.8,30.9,2,3.6,1.7
Santiago, Héctor,502327,76,12.2,32.9,111,88.1,93,83.7,378,161,377,29,11.7,38.2,2,2.6,1.7
Suárez, Ranger,624133,273,4.5,23.8,115.8,86.6,91.3,85,396,125,380,85,11.4,31.1,7,2.6,1.7
Osich, Josh,592612,46,3.9,23.9,106.9,86,90,83.5,384,134,370,16,15.2,34.8,1,2.2,1.7
Kranick, Max,668820,127,21.4,35.4,112.9,88.2,92.3,83.7,428,185,406,43,12.1,33.9,3,2.4,1.6
McHugh, Collin,543521,159,15.6,30.2,110,86.7,90.2,86.2,408,165,390,47,10.0,29.6,4,2.5,1.6
Menez, Conner,669214,44,8.4,29.5,107.6,87.4,89.2,87.2,407,125,382,16,12.4,36.4,1,2.3,1.6
Overton, Connor,656818,43,15.8,41.9,106.2,88.5,92.8,83.8,438,194,402,17,12.1,39.5,1,2.3,1.6
Puk, A.J.,640462,42,7.6,33.3,111.6,93.8,93.5,94.7,381,137,381,21,19.6,50.0,1,2.4,1.5
Rogers, Tyler,643511,253,4.6,22.5,114.7,85.4,89.7,83.6,419,123,383,81,14.1,32.0,5,2.0,1.5
Treinen, Blake,595014,173,10.4,20.2,112.1,83.3,89.2,81.6,393,130,380,47,8.9,27.2,4,2.3,1.4
Loup, Aaron,571901,141,9.1,33.3,110.1,88.1,91.2,86,401,145,401,53,13.7,37.6,3,2.1,1.4
Bruihl, Justin,677865,54,11,24.1,107.6,86.4,89.4,84.7,403,144,403,16,12.4,29.6,1,1.9,1.4
Newcomb, Sean,656794,78,10.4,34.6,109.1,87.1,92.7,81.4,396,171,396,27,8.9,34.6,2,2.6,1.3
Bummer, Aaron,607481,134,-10.9,14.2,110.6,88.2,95.1,86.6,430,77,421,55,13.6,41.0,3,2.2,1.2
Warren, Art,605521,39,19.9,33.3,105.8,85.8,90.8,79.6,422,184,422,11,6.3,28.2,1,2.6,1.2
Enns, Dietrich,608650,57,23.4,33.3,110.2,85.4,89.3,84.2,424,194,424,19,9.3,33.3,1,1.8,1.1
Clase, Emmanuel,661403,189,-0.2,20.1,109.3,86.6,89.8,85.4,427,101,410,56,9.7,29.6,3,1.6,1.1
Nelson, Kyle,669459,31,13.3,32.3,108.8,84.1,87,82.2,324,156,,7,9.5,22.6,,0.0,0.0
Speier, Gabe,642100,27,11.9,37.0,104.6,83.6,87.7,79.9,337,159,,5,10.0,18.5,,0.0,0.0
Hudson, Dakota,641712,26,3.7,23.1,110,80.1,85.3,81.1,353,118,,6,9.7,23.1,,0.0,0.0